library,pos,strand,rnmp,ctx
FS185,126,+,A,AGTATCT
FS185,169,+,A,CCTACGT
FS185,361,+,A,AAAACAA
FS185,388,+,A,ACCAGAT
FS185,605,-,A,TGTATTG
FS185,610,-,A,TTCAGTG
FS185,729,-,A,TTTAGAG
FS185,859,-,A,TATAGCT
FS185,1255,-,A,TATAGGC
FS185,1257,-,A,TATATAG
FS185,1260,+,A,TATACCG
FS185,1284,-,A,TTCATCA
FS185,1316,-,A,TTTACGT
FS185,1507,+,A,TATACTT
FS185,1548,+,A,TATAGAG
FS185,1671,+,G,TGAGCTA
FS185,1680,+,A,CCTAGCC
FS185,1774,-,A,TCTATTG
FS185,2691,-,A,TTCACGG
FS185,2885,-,A,TATAGTA
FS185,3399,+,A,TATACAA
FS185,3547,+,A,ACCATCG
FS185,4072,+,A,TACACAA
FS185,4166,+,A,TACACCT
FS185,4274,-,A,ATCAGAC
FS185,4559,+,A,CTGAGTA
FS185,4560,+,G,TGAGTAG
FS185,4935,+,A,CTCACTC
FS185,4953,+,A,TCCATCA
FS185,4956,+,A,ATCATAG
FS185,4958,+,A,CATAGCA
FS185,5156,+,A,ACTACTA
FS185,5186,+,A,ATGACTA
FS185,5280,+,A,TTCACAA
FS185,5808,-,A,TTCATAT
FS185,5924,+,A,ACTATTC
FS185,5931,+,A,TCTACAA
FS185,5979,+,G,TGAGCTG
FS185,6064,+,A,TCTACAA
FS185,6254,+,A,TATAGTG
FS185,6300,+,G,TTAGCAG
FS185,6342,+,A,ACCATCT
FS185,6470,+,A,CCTAATC
FS185,6471,+,A,CTAATCA
FS185,6474,+,A,ATCACAG
FS185,6476,+,A,CACAGCA
FS185,6479,+,A,AGCAGTC
FS185,6485,+,A,CCTACTT
FS185,6494,+,A,CCTATCT
FS185,6503,+,A,CCCAGTC
FS185,6509,+,A,CCTAGCT
FS185,6519,+,A,GGCATCA
FS185,6522,+,A,ATCACTA
FS185,6525,+,A,ACTATAC
FS185,6527,+,A,TATACTA
FS185,6530,+,A,ACTACTA
FS185,6533,+,A,ACTAACA
FS185,6534,+,A,CTAACAG
FS185,6549,+,A,CTCAACA
FS185,6634,+,A,TTTATAT
FS185,6636,+,A,TATATTC
FS185,6776,-,A,TATATGG
FS185,6799,-,A,TCTACGT
FS185,6886,+,A,TCCACGG
FS185,6974,+,A,TGTATTA
FS185,6977,+,A,ATTAGCA
FS185,7018,+,A,ACTACGT
FS185,7030,+,A,CCCACTT
FS185,7039,+,A,ACTATGT
FS185,7046,+,A,CCTATCA
FS185,7052,+,A,AATAGGA
FS185,7061,+,A,TGTATTT
FS185,7067,+,C,TGCCATC
FS185,7083,+,A,TTCATTC
FS185,7087,+,A,TTCACTG
FS185,7129,+,A,CCTACGC
FS185,7149,+,A,ACTATCA
FS185,7158,+,A,TTCATCG
FS185,7202,+,A,CCTATCC
FS185,7231,+,A,ACTACCC
FS185,7245,+,A,TACACCA
FS185,7281,+,A,TTCATTT
FS185,7432,+,A,TATACAT
FS185,7636,+,A,CATAGAA
FS185,7646,+,A,CTTATCA
FS185,7649,+,A,ATCACCT
FS185,7662,+,A,ATCACGC
FS185,7738,-,A,ATTAGTT
FS185,7758,-,G,TGAGCGT
FS185,7766,+,A,GAAATAG
FS185,7768,+,A,AATAGAA
FS185,7836,-,A,TAAAGGA
FS185,7842,-,A,GTTATGT
FS185,7857,+,A,TCAACGA
FS185,7874,+,A,ACCATCA
FS185,7877,+,A,ATCAAAT
FS185,7890,+,A,GCCACCA
FS185,7908,+,A,CCTACGA
FS185,7914,+,A,AGTACAC
FS185,8014,+,A,AGTACTC
FS185,8038,-,A,TATACGA
FS185,8084,+,A,CCCACAT
FS185,8138,+,A,TTCACCG
FS185,8146,+,A,TACACGA
FS185,8158,+,A,GGTATAC
FS185,8160,+,A,TATACTA
FS185,8163,+,A,ACTACGG
FS185,8186,+,G,TGTGGAG
FS185,8188,+,A,TGGAGCA
FS185,8193,+,A,CAAACCA
FS185,8196,+,A,ACCACAG
FS185,8210,+,A,CCCATCG
FS185,8268,+,A,TATAGCA
FS185,8280,+,A,TCTACCC
FS185,8289,+,A,TCTAGAG
FS185,8739,+,A,TATACTA
FS185,8742,+,A,ACTAGTA
FS185,8745,+,A,AGTATCC
FS185,9037,+,A,CTCATGC
FS185,9063,+,A,CCTAGCA
FS185,9120,+,A,TCTACTG
FS185,9338,+,A,CATACTA
FS185,9361,-,A,GTTAGTG
FS185,9367,-,A,TATATGG
FS185,9369,-,A,GGTATAT
FS185,9375,-,A,ATCATTG
FS185,9389,+,A,TGTAACA
FS185,9392,+,A,AACACGA
FS185,9418,+,A,ACCACAC
FS185,9420,+,A,CACACAC
FS185,9617,+,A,ATTACTC
FS185,9626,+,A,ATCAGGA
FS185,9652,+,A,ACCATAG
FS185,9654,+,A,CATAGTC
FS185,9655,+,G,ATAGTCT
FS185,9661,-,A,TCTATTA
FS185,9662,+,A,AATAGAA
FS185,9733,-,A,TGTAGGA
FS185,9765,+,A,TTCACCA
FS185,9784,+,A,TCTACGG
FS185,9823,-,A,TGAAGTC
FS185,9852,+,A,CTCACTA
FS185,9941,+,A,TGTAGAT
FS185,9956,+,A,ACTATTT
FS185,10943,+,A,CTAACAA
FS185,11015,+,A,TCCAGTG
FS185,11582,+,A,TCCATCT
FS185,11590,+,A,CCTACGA
FS185,11641,+,A,CATAGCC
FS185,11842,+,A,TCTAGCA
FS185,12204,+,A,TTTACCG
FS185,12760,+,A,TTCATCG
FS185,12802,+,A,ATCAGTT
FS185,13079,+,A,TCCACTC
FS185,13090,+,A,ACTATAG
FS185,13092,+,A,TATAGTT
FS185,13093,+,G,ATAGTTG
FS185,13098,+,A,TGTAGCA
FS185,13101,+,A,AGCAGGA
FS185,13126,+,C,TTCCACC
FS185,13127,+,A,TCCACCC
FS185,13132,+,C,CCCCTAG
FS185,13134,+,A,CCTAGCA
FS185,13135,+,G,CTAGCAG
FS185,13149,+,A,CCCACTA
FS185,13186,+,A,ATCACCA
FS185,13189,+,A,ACCACTC
FS185,13198,+,G,TTCGCAG
FS185,13563,+,A,CCTATCT
FS185,13567,+,A,TCTATTA
FS185,13576,+,A,CTCATCG
FS185,13603,+,A,TATAGCA
FS185,13651,+,A,CCCACCC
FS185,13667,+,A,TTAACGA
FS185,14375,+,A,CCTACCT
FS185,14582,+,A,AATACTA
FS185,14893,+,A,ACTATTC
FS185,14910,+,A,ACTACTC
FS185,14938,+,A,TTCATCA
FS185,14939,-,A,TTGATGA
FS185,14949,+,A,CCCACAT
FS185,14954,+,A,ATCACTC
FS185,14981,+,A,ATCATCC
FS185,14994,+,A,TTCACGC
FS185,15033,-,A,TGTAGGA
FS185,15052,+,A,CCTATAT
FS185,15054,+,A,TATATTA
FS185,15072,+,A,TCTACTC
FS185,15076,+,A,CTCAGAA
FS185,15603,+,A,CTAACAA
FS185,15607,+,A,CAAACTA
FS185,15610,+,A,ACTAGGA
FS185,15628,+,A,CCTATTA
FS185,15631,+,A,ATTACTA
FS185,15638,+,A,TCCATCC
FS185,15649,+,A,CCTAGCA
FS185,16304,-,A,TGTACTG
FS185,16311,-,A,TGTACTA
FS185,16330,-,A,TGTACGG
FS185,16368,-,A,TCCATGG
FS185,16402,+,A,ACCACCA
FS185,16413,-,A,TTCACGG
FS185,16418,-,A,TTGATTT
FS185,16422,-,A,GATATTG
FS185,16429,-,G,TGTGCGG
FS185,16440,-,A,AGTAGCA
FS185,16459,+,C,GGCCCAT
FS185,16464,+,A,ATAACAC
FS185,16466,+,A,AACACTT
FS185,16476,+,A,GGTAGCT
FS185,16477,+,G,GTAGCTA
FS185,16482,+,A,TAAAGTG
FS185,16492,+,A,TGTATCC
FS185,16496,+,G,TCCGACA
FS185,16510,+,A,CCTACTT
FS185,16515,+,A,TTCAGGG
FS185,16525,+,A,TAAAGCC
FS185,16534,+,A,AATAGCC
FS185,16539,+,A,CCCACAC
FS185,16561,+,A,GACATCA
FS186,160,+,A,TTTATCG
FS186,169,+,A,CCTACGT
FS186,214,+,A,ATTAATT
FS186,388,+,A,ACCAGAT
FS186,544,-,G,TTCGGGG
FS186,605,-,A,TGTATTG
FS186,729,-,A,TTTAGAG
FS186,1219,-,A,TTTATCG
FS186,1257,-,A,TATATAG
FS186,1284,-,A,TTCATCA
FS186,1291,-,A,TGTAGCC
FS186,1316,-,A,TTTACGT
FS186,1344,-,A,CTCATGG
FS186,1376,-,G,TGGGGTA
FS186,1391,-,A,GCTATCG
FS186,1443,-,A,TCTACTC
FS186,1631,-,G,TAAGTTG
FS186,1633,-,A,TGTAAGT
FS186,1699,-,G,TAAGGTG
FS186,1743,-,A,TATACTT
FS186,1752,-,A,TCTATCG
FS186,1774,-,A,TCTATTG
FS186,1778,-,A,TATATCT
FS186,1780,-,A,ACTATAT
FS186,1957,+,A,TGTAGCA
FS186,1978,+,A,TTTATAG
FS186,2015,+,G,ATAGCTG
FS186,2287,-,A,TCTATAG
FS186,2439,-,A,AGCATGC
FS186,2445,-,A,CTTATGA
FS186,4268,-,A,CATATTT
FS186,4274,-,A,ATCAGAC
FS186,4653,+,A,CTCACGC
FS186,4671,+,A,TCCATAA
FS186,4682,+,A,TCTAATA
FS186,4683,+,A,CTAATAG
FS186,4689,+,A,GCTATCC
FS186,5767,+,C,CCCCGGC
FS186,5768,+,G,CCCGGCA
FS186,5808,-,A,TTCATAT
FS186,5924,+,A,ACTATTC
FS186,5931,+,A,TCTACAA
FS186,5938,+,A,ACCACAA
FS186,5959,+,A,TATACCT
FS186,5963,+,A,CCTATTA
FS186,5979,+,G,TGAGCTG
FS186,5990,+,A,CCTAGGC
FS186,6035,+,A,GCCAGGC
FS186,6047,+,A,TCTAGGT
FS186,6058,+,A,ACCACAT
FS186,6064,+,A,TCTACAA
FS186,6085,+,A,CCCATGC
FS186,6254,+,A,TATAGTG
FS186,6289,+,A,TCTACCC
FS186,6300,+,G,TTAGCAG
FS186,6474,+,A,ATCACAG
FS186,6527,+,A,TATACTA
FS186,6530,+,A,ACTACTA
FS186,6592,-,A,TATAGAA
FS186,6681,-,A,AGTAAGT
FS186,6684,-,A,AGTAGTA
FS186,6765,-,A,CTCACAC
FS186,6776,-,A,TATATGG
FS186,6778,-,A,AATATAT
FS186,6780,-,A,TAAATAT
FS186,6782,-,A,TGTAAAT
FS186,6832,-,A,ATTATGG
FS186,6974,+,A,TGTATTA
FS186,6977,+,A,ATTAGCA
FS186,7018,+,A,ACTACGT
FS186,7025,+,A,TGTAGCC
FS186,7030,+,A,CCCACTT
FS186,7039,+,A,ACTATGT
FS186,7041,+,G,TATGTCC
FS186,7046,+,A,CCTATCA
FS186,7049,+,A,ATCAATA
FS186,7050,+,A,TCAATAG
FS186,7052,+,A,AATAGGA
FS186,7061,+,A,TGTATTT
FS186,7065,+,G,TTTGCCA
FS186,7067,+,C,TGCCATC
FS186,7071,+,A,ATCATAG
FS186,7073,+,A,CATAGGA
FS186,7083,+,A,TTCATTC
FS186,7087,+,A,TTCACTG
FS186,7091,+,A,CTGATTT
FS186,7106,+,A,CTCAGGC
FS186,7111,+,A,GCTACAC
FS186,7113,+,A,TACACCC
FS186,7118,+,A,CCTAGAC
FS186,7120,+,A,TAGACCA
FS186,7129,+,A,CCTACGC
FS186,7149,+,A,ACTATCA
FS186,7158,+,A,TTCATCG
FS186,7184,+,A,CCCACAA
FS186,7202,+,A,CCTATCC
FS186,7231,+,A,ACTACCC
FS186,7442,-,A,TCTAGAT
FS186,7724,+,A,CTCACAA
FS186,7733,-,G,TTAGTTT
FS186,7734,-,A,GTTAGTT
FS186,7737,-,G,TTAGTTA
FS186,7738,-,A,ATTAGTT
FS186,7741,-,A,AGTATTA
FS186,7743,-,G,TTAGTAT
FS186,7744,-,A,GTTAGTA
FS186,7758,-,G,TGAGCGT
FS186,7761,+,A,CTCAGGA
FS186,7766,+,A,GAAATAG
FS186,7767,-,A,TCTATTT
FS186,7768,+,A,AATAGAA
FS186,7778,-,A,TTCAGAC
FS186,7836,-,A,TAAAGGA
FS186,7840,-,G,TATGTAA
FS186,7901,-,A,TTCAGTA
FS186,8038,-,A,TATACGA
FS186,8146,+,A,TACACGA
FS186,8210,+,A,CCCATCG
FS186,8248,+,A,AATAGGG
FS186,8261,+,A,TTTACCC
FS186,8266,+,A,CCTATAG
FS186,8268,+,A,TATAGCA
FS186,8271,+,A,AGCACCC
FS186,8280,+,A,TCTACCC
FS186,8289,+,A,TCTAGAG
FS186,8291,+,A,TAGAGCC
FS186,8296,+,A,CCCACTG
FS186,8301,+,A,TGTAAAG
FS186,8303,+,A,TAAAGCT
FS186,8312,+,A,CTTAGCA
FS186,8313,+,G,TTAGCAT
FS186,8739,+,A,TATACTA
FS186,9090,-,A,TGTAGAG
FS186,9177,+,A,TCTAGTA
FS186,9336,+,A,CTCATAC
FS186,9338,+,A,CATACTA
FS186,9341,+,A,ACTAGGC
FS186,9392,+,A,AACACGA
FS186,11731,+,A,CTCATTA
FS186,11737,+,A,ACTATTC
FS186,11746,+,A,CCTAGCA
FS186,11760,+,A,ACTACGA
FS186,11772,+,A,CTCACAG
FS186,11775,+,G,ACAGTCG
FS186,11783,+,A,ATCATAA
FS186,11842,+,A,TCTAGCA
FS186,12143,-,A,TATATTT
FS186,12169,-,A,TTCACAA
FS186,12487,+,A,CCCACAA
FS186,12490,+,A,ACAACAA
FS186,12495,+,A,AATATTC
FS186,12499,+,A,TTCATGT
FS186,12505,+,C,TGCCTAG
FS186,12507,+,A,CCTAGAC
FS186,12509,+,A,TAGACCA
FS186,12544,+,A,GCCACAA
FS186,13089,-,A,TATAGTG
FS186,13092,+,A,TATAGTT
FS186,13098,+,A,TGTAGCA
FS186,13117,+,A,CTCATCC
FS186,13127,+,A,TCCACCC
FS186,13151,-,A,ATTAGTG
FS186,13186,+,A,ATCACCA
FS186,13470,+,A,CCTAGCA
FS186,13476,+,A,ATTAGCA
FS186,13505,+,A,TCTACTC
FS186,13563,+,A,CCTATCT
FS186,13567,+,A,TCTATTA
FS186,13576,+,A,CTCATCG
FS186,13603,+,A,TATAGCA
FS186,13995,+,A,CCTAGAC
FS186,14010,+,A,ACTAGAA
FS186,14734,-,A,TGTAGTT
FS186,14909,-,A,AGTAGTG
FS186,14911,-,G,TGAGTAG
FS186,14939,-,A,TTGATGA
FS186,15052,+,A,CCTATAT
FS186,15054,+,A,TATATTA
FS186,15057,+,A,ATTACGG
FS186,15072,+,A,TCTACTC
FS186,15076,+,A,CTCAGAA
FS186,16343,+,A,ATTACAG
FS186,16345,+,A,TACAGTC
FS186,16346,+,G,ACAGTCA
FS186,16367,+,A,CCCATGG
FS186,16368,-,A,TCCATGG
FS186,16383,+,A,CTCAGAT
FS186,16402,+,A,ACCACCA
FS186,16405,+,A,ACCATCC
FS186,16413,-,A,TTCACGG
FS186,16418,-,A,TTGATTT
FS186,16422,-,A,GATATTG
FS186,16440,-,A,AGTAGCA
FS186,16461,+,A,CCCATAA
FS186,16482,+,A,TAAAGTG
FS186,16510,+,A,CCTACTT
FS186,16515,+,A,TTCAGGG
FS186,16518,+,G,AGGGTCA
FS187,410,+,G,TTGGCGG
FS187,729,-,A,TTTAGAG
FS187,1775,+,A,AATAGAT
FS187,4260,-,G,TTAGGTT
FS187,4273,-,G,TCAGACA
FS187,4274,-,A,ATCAGAC
FS187,4682,+,A,TCTAATA
FS187,4683,+,A,CTAATAG
FS187,4689,+,A,GCTATCC
FS187,5159,+,A,ACTATCT
FS187,5181,+,A,CTAACAT
FS187,5929,+,C,TCTCTAC
FS187,5931,+,A,TCTACAA
FS187,5990,+,A,CCTAGGC
FS187,6254,+,A,TATAGTG
FS187,6470,+,A,CCTAATC
FS187,6471,+,A,CTAATCA
FS187,6474,+,A,ATCACAG
FS187,6485,+,A,CCTACTT
FS187,6527,+,A,TATACTA
FS187,7018,+,A,ACTACGT
FS187,7039,+,A,ACTATGT
FS187,7046,+,A,CCTATCA
FS187,7050,+,A,TCAATAG
FS187,7061,+,A,TGTATTT
FS187,7067,+,C,TGCCATC
FS187,7071,+,A,ATCATAG
FS187,7074,+,G,ATAGGAG
FS187,7087,+,A,TTCACTG
FS187,7231,+,A,ACTACCC
FS187,7738,-,A,ATTAGTT
FS187,7758,-,G,TGAGCGT
FS187,8280,+,A,TCTACCC
FS187,8289,+,A,TCTAGAG
FS187,8739,+,A,TATACTA
FS187,8742,+,A,ACTAGTA
FS187,8745,+,A,AGTATCC
FS187,9341,+,A,ACTAGGC
FS187,9941,+,A,TGTAGAT
FS187,11723,+,A,CTTACAT
FS187,13127,+,A,TCCACCC
FS187,13132,+,C,CCCCTAG
FS187,13135,+,G,CTAGCAG
FS187,13567,+,A,TCTATTA
FS187,13576,+,A,CTCATCG
FS187,14826,-,A,GAGATGT
FS187,14828,-,A,CGGAGAT
FS187,14849,-,A,GTGAGCC
FS187,14904,-,A,TGCATGG
FS187,14909,-,A,AGTAGTG
FS187,14911,-,G,TGAGTAG
FS187,14924,-,A,TTGAGGC
FS187,14939,-,A,TTGATGA
FS187,16140,-,A,AGTATTT
FS187,16365,+,C,TCCCCAT
FS187,16367,+,A,CCCATGG
FS187,16380,-,G,TGAGGGG
FS187,16429,-,G,TGTGCGG
FS187,16464,+,A,ATAACAC
FS187,16471,+,G,TTGGGGG
FS187,16474,+,G,GGGGTAG
FS187,16476,+,A,GGTAGCT
FS188,402,+,A,TTTATCT
FS188,729,-,A,TTTAGAG
FS188,3544,+,A,CTCACCA
FS188,3546,+,C,CACCATC
FS188,3547,+,A,ACCATCG
FS188,4274,-,A,ATCAGAC
FS188,5931,+,A,TCTACAA
FS188,5990,+,A,CCTAGGC
FS188,6034,+,C,AGCCAGG
FS188,6035,+,A,GCCAGGC
FS188,6057,+,C,GACCACA
FS188,6058,+,A,ACCACAT
FS188,6060,+,A,CACATCT
FS188,6254,+,A,TATAGTG
FS188,6470,+,A,CCTAATC
FS188,6471,+,A,CTAATCA
FS188,6474,+,A,ATCACAG
FS188,6475,+,C,TCACAGC
FS188,6476,+,A,CACAGCA
FS188,6485,+,A,CCTACTT
FS188,7039,+,A,ACTATGT
FS188,7046,+,A,CCTATCA
FS188,7050,+,A,TCAATAG
FS188,7052,+,A,AATAGGA
FS188,7087,+,A,TTCACTG
FS188,7231,+,A,ACTACCC
FS188,7245,+,A,TACACCA
FS188,7758,-,G,TGAGCGT
FS188,8084,+,A,CCCACAT
FS188,8280,+,A,TCTACCC
FS188,8289,+,A,TCTAGAG
FS188,8739,+,A,TATACTA
FS188,8742,+,A,ACTAGTA
FS188,8745,+,A,AGTATCC
FS188,9783,-,A,CGTAGAT
FS188,10943,+,A,CTAACAA
FS188,13127,+,A,TCCACCC
FS188,13130,+,C,ACCCCCT
FS188,13132,+,C,CCCCTAG
FS188,13134,+,A,CCTAGCA
FS188,13470,+,A,CCTAGCA
FS188,13567,+,A,TCTATTA
FS188,13576,+,A,CTCATCG
FS188,13984,+,C,CCCCTAC
FS188,15076,+,A,CTCAGAA
FS188,16355,+,C,TCCCTTC
FS188,16377,+,C,ACCCCCC
FS188,16378,+,C,CCCCCCT
FS188,16379,+,C,CCCCCTC
FS188,16429,-,G,TGTGCGG
FS188,16461,+,A,CCCATAA
FS188,16464,+,A,ATAACAC
FS188,16467,+,C,ACACTTG
FS188,16476,+,A,GGTAGCT
FS188,16515,+,A,TTCAGGG
FS189,727,-,A,TAGAGGG
FS189,729,-,A,TTTAGAG
FS189,1442,-,C,CTACTCT
FS189,2445,-,A,CTTATGA
FS189,3547,+,A,ACCATCG
FS189,4218,-,A,GACATAT
FS189,4260,-,G,TTAGGTT
FS189,4268,-,A,CATATTT
FS189,4271,-,C,AGACATA
FS189,4272,-,A,CAGACAT
FS189,4273,-,G,TCAGACA
FS189,4274,-,A,ATCAGAC
FS189,4275,-,C,TATCAGA
FS189,4277,-,A,TTTATCA
FS189,4682,+,A,TCTAATA
FS189,4683,+,A,CTAATAG
FS189,5740,+,C,CGCCGCC
FS189,5924,+,A,ACTATTC
FS189,5931,+,A,TCTACAA
FS189,6034,+,C,AGCCAGG
FS189,6035,+,A,GCCAGGC
FS189,6254,+,A,TATAGTG
FS189,6471,+,A,CTAATCA
FS189,6474,+,A,ATCACAG
FS189,6475,+,C,TCACAGC
FS189,6782,-,A,TGTAAAT
FS189,7018,+,A,ACTACGT
FS189,7025,+,A,TGTAGCC
FS189,7028,+,C,AGCCCAC
FS189,7030,+,A,CCCACTT
FS189,7031,+,C,CCACTTC
FS189,7036,+,A,TCCACTA
FS189,7039,+,A,ACTATGT
FS189,7046,+,A,CCTATCA
FS189,7049,+,A,ATCAATA
FS189,7050,+,A,TCAATAG
FS189,7052,+,A,AATAGGA
FS189,7061,+,A,TGTATTT
FS189,7067,+,C,TGCCATC
FS189,7087,+,A,TTCACTG
FS189,7231,+,A,ACTACCC
FS189,7738,-,A,ATTAGTT
FS189,7758,-,G,TGAGCGT
FS189,8084,+,A,CCCACAT
FS189,8193,+,A,CAAACCA
FS189,8196,+,A,ACCACAG
FS189,8210,+,A,CCCATCG
FS189,8296,+,A,CCCACTG
FS189,8360,+,A,TACAGTG
FS189,8739,+,A,TATACTA
FS189,8742,+,A,ACTAGTA
FS189,8745,+,A,AGTATCC
FS189,8752,+,A,TTAATCA
FS189,9336,+,A,CTCATAC
FS189,9338,+,A,CATACTA
FS189,9783,-,A,CGTAGAT
FS189,12507,+,A,CCTAGAC
FS189,13126,+,C,TTCCACC
FS189,13127,+,A,TCCACCC
FS189,13130,+,C,ACCCCCT
FS189,13131,+,C,CCCCCTA
FS189,13132,+,C,CCCCTAG
FS189,13984,+,C,CCCCTAC
FS189,13986,+,A,CCTACTC
FS189,14689,-,A,TGTAGTC
FS189,14909,-,A,AGTAGTG
FS189,14924,-,A,TTGAGGC
FS189,14939,-,A,TTGATGA
FS189,15076,+,A,CTCAGAA
FS189,16342,-,A,TGTAATG
FS189,16367,+,A,CCCATGG
FS189,16368,-,A,TCCATGG
FS189,16386,-,A,CCTATCT
FS189,16413,-,A,TTCACGG
FS189,16418,-,A,TTGATTT
FS189,16422,-,A,GATATTG
FS189,16429,-,G,TGTGCGG
FS189,16515,+,A,TTCAGGG
FS193,211,+,A,TTAATTA
FS193,349,+,C,TGCCAAA
FS193,402,+,A,TTTATCT
FS193,517,+,A,CACACAC
FS193,533,+,A,CTAACCC
FS193,544,-,G,TTCGGGG
FS193,728,-,G,TTAGAGG
FS193,729,-,A,TTTAGAG
FS193,863,-,G,TTAGTAT
FS193,1187,-,A,GATATGA
FS193,1189,-,A,GGGATAT
FS193,1195,-,A,TCTAGAG
FS193,1895,-,G,TTAGCTT
FS193,1923,-,G,TTAGGTA
FS193,3537,+,A,CTTAGCT
FS193,3544,+,A,CTCACCA
FS193,3545,+,C,TCACCAT
FS193,3546,+,C,CACCATC
FS193,3547,+,A,ACCATCG
FS193,3558,+,A,TCTACTA
FS193,3561,+,A,ACTATGA
FS193,3565,+,A,TGAACCC
FS193,4268,-,A,CATATTT
FS193,4272,-,A,CAGACAT
FS193,4273,-,G,TCAGACA
FS193,4274,-,A,ATCAGAC
FS193,4277,-,A,TTTATCA
FS193,4682,+,A,TCTAATA
FS193,4683,+,A,CTAATAG
FS193,5931,+,A,TCTACAA
FS193,5979,+,G,TGAGCTG
FS193,6058,+,A,ACCACAT
FS193,6254,+,A,TATAGTG
FS193,6470,+,A,CCTAATC
FS193,6471,+,A,CTAATCA
FS193,6474,+,A,ATCACAG
FS193,6476,+,A,CACAGCA
FS193,6485,+,A,CCTACTT
FS193,6522,+,A,ATCACTA
FS193,6527,+,A,TATACTA
FS193,7018,+,A,ACTACGT
FS193,7039,+,A,ACTATGT
FS193,7050,+,A,TCAATAG
FS193,7052,+,A,AATAGGA
FS193,7061,+,A,TGTATTT
FS193,7087,+,A,TTCACTG
FS193,7091,+,A,CTGATTT
FS193,7129,+,A,CCTACGC
FS193,7231,+,A,ACTACCC
FS193,7733,-,G,TTAGTTT
FS193,7758,-,G,TGAGCGT
FS193,7845,-,G,TCTGTTA
FS193,8156,+,G,GGGGTAT
FS193,8280,+,A,TCTACCC
FS193,8289,+,A,TCTAGAG
FS193,8301,+,A,TGTAAAG
FS193,8358,+,A,TTTACAG
FS193,8360,+,A,TACAGTG
FS193,8737,+,A,CTTATAC
FS193,8739,+,A,TATACTA
FS193,8742,+,A,ACTAGTA
FS193,8743,+,G,CTAGTAT
FS193,9013,-,T,TGTTAGC
FS193,9783,-,A,CGTAGAT
FS193,10943,+,A,CTAACAA
FS193,13198,+,G,TTCGCAG
FS193,13470,+,A,CCTAGCA
FS193,13485,+,A,AATACCT
FS193,13567,+,A,TCTATTA
FS193,13576,+,A,CTCATCG
FS193,13582,+,A,GCTACCT
FS193,13601,+,A,CCTATAG
FS193,14924,-,A,TTGAGGC
FS193,15072,+,A,TCTACTC
FS193,15076,+,A,CTCAGAA
FS193,15603,+,A,CTAACAA
FS193,15607,+,A,CAAACTA
FS193,16367,+,A,CCCATGG
FS193,16380,-,G,TGAGGGG
FS193,16386,-,A,CCTATCT
FS193,16418,-,A,TTGATTT
FS193,16429,-,G,TGTGCGG
FS193,16464,+,A,ATAACAC
FS193,16471,+,G,TTGGGGG
FS193,16476,+,A,GGTAGCT
FS193,16477,+,G,GTAGCTA
FS193,16487,+,A,TGAACTG
FS193,16498,+,C,CGACATC
FS193,16515,+,A,TTCAGGG
FS193,16518,+,G,AGGGTCA
FS195,349,+,C,TGCCAAA
FS195,501,+,C,CGCCCAT
FS195,537,+,C,CCCCATA
FS195,933,-,C,CGCCGGC
FS195,1066,+,C,ACCCAAA
FS195,1100,+,C,GCCCTAA
FS195,1197,-,C,CCTCTAG
FS195,1597,-,G,TTCGTCC
FS195,1598,-,C,GTTCGTC
FS195,1685,+,C,CCCCAAA
FS195,1782,+,G,ATAGTAC
FS195,1836,+,A,CTAACCC
FS195,3545,+,C,TCACCAT
FS195,3546,+,C,CACCATC
FS195,3547,+,A,ACCATCG
FS195,3950,+,A,AATACGC
FS195,4186,-,G,GTAGGAA
FS195,4235,-,G,ATTGTAA
FS195,4271,-,C,AGACATA
FS195,4273,-,G,TCAGACA
FS195,4274,-,A,ATCAGAC
FS195,4275,-,C,TATCAGA
FS195,4277,-,A,TTTATCA
FS195,4581,-,G,CTAGCAT
FS195,4656,-,G,CTTGCGT
FS195,4683,+,A,CTAATAG
FS195,5174,+,C,AAACAAG
FS195,5182,+,C,TAACATG
FS195,5187,+,C,TGACTAA
FS195,5740,+,C,CGCCGCC
FS195,5912,+,C,CGCCGAC
FS195,5929,+,C,TCTCTAC
FS195,6034,+,C,AGCCAGG
FS195,6053,+,C,TAACGAC
FS195,6258,-,C,CCTCCAC
FS195,6470,+,A,CCTAATC
FS195,6474,+,A,ATCACAG
FS195,6475,+,C,TCACAGC
FS195,7018,+,A,ACTACGT
FS195,7028,+,C,AGCCCAC
FS195,7031,+,C,CCACTTC
FS195,7048,+,C,TATCAAT
FS195,7067,+,C,TGCCATC
FS195,7116,+,C,ACCCTAG
FS195,7231,+,A,ACTACCC
FS195,7235,+,C,CCCCGAT
FS195,7758,-,G,TGAGCGT
FS195,7845,-,G,TCTGTTA
FS195,7847,-,C,CGTCTGT
FS195,7872,+,C,TTACCAT
FS195,7932,-,A,ATTAGTC
FS195,8295,+,C,GCCCACT
FS195,8297,+,C,CCACTGT
FS195,8740,+,C,ATACTAG
FS195,9013,-,T,TGTTAGC
FS195,9322,+,C,ACTCCAT
FS195,10763,-,G,TTAGCAT
FS195,10940,+,C,CCCCTAA
FS195,11724,+,C,TTACATC
FS195,12227,-,G,TTAGCAG
FS195,13120,+,C,ATCCGCT
FS195,13121,+,G,TCCGCTT
FS195,13126,+,C,TTCCACC
FS195,13130,+,C,ACCCCCT
FS195,13131,+,C,CCCCCTA
FS195,13132,+,C,CCCCTAG
FS195,13187,+,C,TCACCAC
FS195,13198,+,G,TTCGCAG
FS195,13984,+,C,CCCCTAC
FS195,14689,-,A,TGTAGTC
FS195,14909,-,A,AGTAGTG
FS195,15034,+,A,CCTACAC
FS195,15600,+,C,TCCCTAA
FS195,15604,+,C,TAACAAA
FS195,16228,-,G,ATAGTTG
FS195,16363,+,C,CGTCCCC
FS195,16364,+,C,GTCCCCA
FS195,16365,+,C,TCCCCAT
FS195,16366,+,C,CCCCATG
FS195,16380,-,G,TGAGGGG
FS195,16429,-,G,TGTGCGG
FS195,16460,+,C,GCCCATA
FS195,16464,+,A,ATAACAC
FS195,16465,+,C,TAACACT
FS195,16467,+,C,ACACTTG
FS195,16476,+,A,GGTAGCT
FS195,16477,+,G,GTAGCTA
FS195,16498,+,C,CGACATC
FS195,16508,+,C,TTCCTAC
FS195,16515,+,A,TTCAGGG
FS195,16520,+,C,GGTCATA
FS196,872,-,C,ACCCTGG
FS196,902,-,C,TGACCGC
FS196,920,-,C,TGACTTG
FS196,933,-,C,CGCCGGC
FS196,1066,+,C,ACCCAAA
FS196,1100,+,C,GCCCTAA
FS196,1456,-,A,TTCAACT
FS196,1462,-,C,GCCCTGT
FS196,1595,-,C,CGTCCAA
FS196,1685,+,C,CCCCAAA
FS196,1691,+,C,ACCCACT
FS196,1774,-,A,TCTATTG
FS196,1946,+,C,ACACCCG
FS196,1957,+,A,TGTAGCA
FS196,2027,+,A,CCAAGAT
FS196,2351,-,A,TTAATCT
FS196,3206,-,G,TGTGGGT
FS196,4260,-,G,TTAGGTT
FS196,4271,-,C,AGACATA
FS196,4273,-,G,TCAGACA
FS196,4274,-,A,ATCAGAC
FS196,4275,-,C,TATCAGA
FS196,4637,+,C,TGCCATC
FS196,4654,+,C,TCACGCA
FS196,4680,+,C,CTTCTAA
FS196,4682,+,A,TCTAATA
FS196,4683,+,A,CTAATAG
FS196,4694,+,C,CCTCTTC
FS196,4695,-,A,TGAAGAG
FS196,5130,-,A,TTAAGTT
FS196,5740,+,C,CGCCGCC
FS196,5767,+,C,CCCCGGC
FS196,5922,+,C,TGACTAT
FS196,5924,+,A,ACTATTC
FS196,5929,+,C,TCTCTAC
FS196,5931,+,A,TCTACAA
FS196,5939,+,C,CCACAAA
FS196,6034,+,C,AGCCAGG
FS196,6056,+,C,CGACCAC
FS196,6224,+,C,TCCCTCT
FS196,6226,+,C,CCTCTCT
FS196,6228,+,C,TCTCTCC
FS196,6254,+,A,TATAGTG
FS196,6263,+,C,GGCCGGA
FS196,6468,+,C,GTCCTAA
FS196,6470,+,A,CCTAATC
FS196,6471,+,A,CTAATCA
FS196,6473,+,C,AATCACA
FS196,6474,+,A,ATCACAG
FS196,6475,+,C,TCACAGC
FS196,6523,+,C,TCACTAT
FS196,6961,-,A,GTCAGGC
FS196,7016,+,C,GTACTAC
FS196,7018,+,A,ACTACGT
FS196,7019,+,C,CTACGTT
FS196,7028,+,C,AGCCCAC
FS196,7029,+,C,GCCCACT
FS196,7030,+,A,CCCACTT
FS196,7031,+,C,CCACTTC
FS196,7035,+,C,TTCCACT
FS196,7037,+,C,CCACTAT
FS196,7039,+,A,ACTATGT
FS196,7041,+,G,TATGTCC
FS196,7043,+,C,TGTCCTA
FS196,7044,+,C,GTCCTAT
FS196,7046,+,A,CCTATCA
FS196,7048,+,C,TATCAAT
FS196,7049,+,A,ATCAATA
FS196,7050,+,A,TCAATAG
FS196,7052,+,A,AATAGGA
FS196,7061,+,A,TGTATTT
FS196,7067,+,C,TGCCATC
FS196,7087,+,A,TTCACTG
FS196,7088,+,C,TCACTGA
FS196,7116,+,C,ACCCTAG
FS196,7121,+,C,AGACCAA
FS196,7122,+,C,GACCAAA
FS196,7218,+,C,CGACGTT
FS196,7229,+,C,GGACTAC
FS196,7231,+,A,ACTACCC
FS196,7235,+,C,CCCCGAT
FS196,7708,+,C,TGCCCTT
FS196,7725,+,C,TCACAAC
FS196,7728,+,C,CAACAAA
FS196,7758,-,G,TGAGCGT
FS196,7791,+,C,TGCCCGC
FS196,7792,+,C,GCCCGCC
FS196,7839,+,A,TTTACAT
FS196,7868,+,C,TCCCTTA
FS196,7937,-,A,TGAAGAT
FS196,8082,+,C,TCCCCAC
FS196,8083,+,C,CCCCACA
FS196,8084,+,A,CCCACAT
FS196,8085,+,C,CCACATT
FS196,8208,+,C,TGCCCAT
FS196,8209,+,C,GCCCATC
FS196,8210,+,A,CCCATCG
FS196,8274,+,C,ACCCCCT
FS196,8275,+,C,CCCCCTC
FS196,8276,+,C,CCCCTCT
FS196,8297,+,C,CCACTGT
FS196,8743,+,G,CTAGTAT
FS196,8748,+,C,ATCCTTA
FS196,9125,+,C,TGACTAT
FS196,9179,-,A,CTTACTA
FS196,9314,+,C,TCACTTC
FS196,9783,-,A,CGTAGAT
FS196,9870,+,C,CGCCAAC
FS196,12486,+,C,CCCCACA
FS196,12487,+,A,CCCACAA
FS196,12505,+,C,TGCCTAG
FS196,12545,+,C,CCACAAC
FS196,12829,-,T,TGTTGGC
FS196,13126,+,C,TTCCACC
FS196,13130,+,C,ACCCCCT
FS196,13131,+,C,CCCCCTA
FS196,13132,+,C,CCCCTAG
FS196,13982,+,C,TGCCCCT
FS196,13983,+,C,GCCCCTA
FS196,13984,+,C,CCCCTAC
FS196,13987,+,C,CTACTCC
FS196,13990,+,C,CTCCTCC
FS196,14909,-,A,AGTAGTG
FS196,15034,+,A,CCTACAC
FS196,15624,-,G,AGGGCAA
FS196,16238,-,A,TTGATGT
FS196,16365,+,C,TCCCCAT
FS196,16366,+,C,CCCCATG
FS196,16459,+,C,GGCCCAT
FS196,16460,+,C,GCCCATA
FS196,16465,+,C,TAACACT
FS196,16467,+,C,ACACTTG
FS196,16498,+,C,CGACATC
FS196,16520,+,C,GGTCATA
FS197,231,+,C,GGACATA
FS197,601,-,C,TTGCTTT
FS197,611,-,C,TTTCAGT
FS197,902,-,C,TGACCGC
FS197,920,-,C,TGACTTG
FS197,930,-,C,CGGCTTC
FS197,933,-,C,CGCCGGC
FS197,1297,-,C,TTACTTT
FS197,1315,-,C,TTACGTG
FS197,1320,-,C,CGTCTTT
FS197,1667,+,C,GCTCTGA
FS197,1678,+,C,AACCTAG
FS197,1685,+,C,CCCCAAA
FS197,1691,+,C,ACCCACT
FS197,2494,+,C,CGCCTGT
FS197,2673,-,C,TCACTGG
FS197,2681,-,C,GGTCAAT
FS197,3054,-,C,GGACTTT
FS197,3230,-,C,TAACAAA
FS197,3543,+,C,TCTCACC
FS197,3546,+,C,CACCATC
FS197,3559,+,C,CTACTAT
FS197,3569,+,C,CCCCCCT
FS197,3570,+,C,CCCCCTC
FS197,3644,-,A,TAAACGG
FS197,4271,-,C,AGACATA
FS197,4936,+,C,TCACTCT
FS197,4942,+,C,TCTCAAT
FS197,5182,+,C,TAACATG
FS197,5464,-,A,GTAAGGG
FS197,5922,+,C,TGACTAT
FS197,5929,+,C,TCTCTAC
FS197,5932,+,C,CTACAAA
FS197,5939,+,C,CCACAAA
FS197,6034,+,C,AGCCAGG
FS197,6059,+,C,CCACATC
FS197,6468,+,C,GTCCTAA
FS197,6475,+,C,TCACAGC
FS197,6518,+,C,TGGCATC
FS197,6523,+,C,TCACTAT
FS197,6569,+,C,CCCCGCC
FS197,7012,+,C,ACACGTA
FS197,7019,+,C,CTACGTT
FS197,7031,+,C,CCACTTC
FS197,7037,+,C,CCACTAT
FS197,7044,+,C,GTCCTAT
FS197,7048,+,C,TATCAAT
FS197,7067,+,C,TGCCATC
FS197,7088,+,C,TCACTGA
FS197,7650,+,C,TCACCTT
FS197,7651,+,C,CACCTTT
FS197,7758,-,G,TGAGCGT
FS197,7868,+,C,TCCCTTA
FS197,7872,+,C,TTACCAT
FS197,7873,+,C,TACCATC
FS197,8060,+,G,GACGTCT
FS197,8083,+,C,CCCCACA
FS197,8085,+,C,CCACATT
FS197,8161,+,C,ATACTAC
FS197,8164,+,C,CTACGGT
FS197,8197,+,C,CCACAGT
FS197,8208,+,C,TGCCCAT
FS197,8209,+,C,GCCCATC
FS197,8297,+,C,CCACTGT
FS197,8740,+,C,ATACTAG
FS197,8748,+,C,ATCCTTA
FS197,9077,-,A,TTAATGG
FS197,9870,+,C,CGCCAAC
FS197,9884,+,C,TCACTTT
FS197,10940,+,C,CCCCTAA
FS197,11655,+,C,TAACAGC
FS197,11975,-,A,AGTATAG
FS197,13073,-,A,AGTAGGG
FS197,13126,+,C,TTCCACC
FS197,13131,+,C,CCCCCTA
FS197,13132,+,C,CCCCTAG
FS197,13349,-,A,AGTATGG
FS197,13575,+,C,TCTCATC
FS197,13984,+,C,CCCCTAC
FS197,14284,+,C,CCCCTCT
FS197,14574,+,C,TAACAAT
FS197,14592,+,C,CCCCATA
FS197,14701,+,C,GACCAAT
FS197,14745,+,C,CACCAAT
FS197,14886,+,C,CCACAGG
FS197,14932,+,C,CGCCTTT
FS197,14950,+,C,CCACATC
FS197,14955,+,C,TCACTCG
FS197,15600,+,C,TCCCTAA
FS197,15604,+,C,TAACAAA
FS197,15654,-,A,ATTATTG
FS197,16053,+,C,TACCACC
FS197,16297,-,A,TTAAGGG
FS197,16429,-,G,TGTGCGG
FS197,16440,-,A,AGTAGCA
FS197,16467,+,C,ACACTTG
FS197,16488,+,C,GAACTGT
FS197,16498,+,C,CGACATC
FS197,16520,+,C,GGTCATA
FS198,902,-,C,TGACCGC
FS198,920,-,C,TGACTTG
FS198,933,-,C,CGCCGGC
FS198,1667,+,C,GCTCTGA
FS198,1685,+,C,CCCCAAA
FS198,1744,+,A,AGTATAG
FS198,2363,+,A,TGAACTG
FS198,2371,-,A,TTAATTG
FS198,2494,+,C,CGCCTGT
FS198,2673,-,C,TCACTGG
FS198,3070,-,C,GAACTCA
FS198,3546,+,C,CACCATC
FS198,3571,+,C,CCCCTCC
FS198,3644,-,A,TAAACGG
FS198,4451,-,A,ATAACCA
FS198,4934,+,C,CCTCACT
FS198,4936,+,C,TCACTCT
FS198,5182,+,C,TAACATG
FS198,5342,+,C,CTACTTC
FS198,5382,+,C,CTACTCC
FS198,5464,-,A,GTAAGGG
FS198,5929,+,C,TCTCTAC
FS198,6034,+,C,AGCCAGG
FS198,6216,-,A,GTAAGAG
FS198,6475,+,C,TCACAGC
FS198,6534,+,A,CTAACAG
FS198,7031,+,C,CCACTTC
FS198,7067,+,C,TGCCATC
FS198,7683,-,A,ATAAGGA
FS198,7758,-,G,TGAGCGT
FS198,7868,+,C,TCCCTTA
FS198,7872,+,C,TTACCAT
FS198,8145,+,C,CTACACG
FS198,8194,+,C,AAACCAC
FS198,8209,+,C,GCCCATC
FS198,9001,+,C,GTACGCC
FS198,9120,+,A,TCTACTG
FS198,9762,-,A,TGAAGGG
FS198,9853,+,C,TCACTAT
FS198,9873,+,C,CAACTAA
FS198,10558,-,A,AGTAGGG
FS198,10594,-,A,ATAATGA
FS198,11145,+,C,CCACCTT
FS198,12488,+,C,CCACAAC
FS198,12623,-,A,GTAACGA
FS198,13126,+,C,TTCCACC
FS198,13132,+,C,CCCCTAG
FS198,13228,-,T,TGATGTC
FS198,13354,-,A,TAAATAG
FS198,13595,-,C,GCGCTTG
FS198,13652,+,C,CCACCCT
FS198,13654,+,C,ACCCTTA
FS198,13984,+,C,CCCCTAC
FS198,13985,-,A,AGTAGGG
FS198,13987,+,C,CTACTCC
FS198,14093,-,A,TAAAGTT
FS198,14574,+,C,TAACAAT
FS198,14701,+,C,GACCAAT
FS198,15073,+,C,CTACTCA
FS198,15293,-,A,TGAAGTG
FS198,15511,-,A,ATAATTG
FS198,15717,-,A,TAAAGTG
FS198,16074,-,T,TGATGGG
FS198,16101,-,A,GTAATGT
FS198,16396,-,A,TCAAGGG
FS198,16429,-,G,TGTGCGG
FS199,1005,-,A,TCAACTG
FS199,1773,+,A,GCAATAG
FS199,1790,+,A,GCAAGGG
FS199,1830,+,G,CAAGGAC
FS199,1832,+,A,AGGACTA
FS199,3576,+,C,CCCCATA
FS199,4061,-,G,TCAGGGG
FS199,4658,+,A,GCAAGCA
FS199,4695,-,A,TGAAGAG
FS199,5529,+,A,AATACAG
FS199,6034,+,C,AGCCAGG
FS199,6228,+,C,TCTCTCC
FS199,6475,+,C,TCACAGC
FS199,6523,+,C,TCACTAT
FS199,6799,-,A,TCTACGT
FS199,7067,+,C,TGCCATC
FS199,7229,+,C,GGACTAC
FS199,7266,-,A,CAGATGA
FS199,7725,+,C,TCACAAC
FS199,7792,+,C,GCCCGCC
FS199,8339,+,A,TTAAGAG
FS199,8735,-,A,ATAAGAG
FS199,8740,+,C,ATACTAG
FS199,8748,+,C,ATCCTTA
FS199,9088,-,A,TAGAGGG
FS199,10672,-,G,CAGGCGG
FS199,10761,-,A,AGCATTG
FS199,11017,-,A,TTCACTG
FS199,11305,-,A,GGCAGTG
FS199,12502,-,A,GGCACAT
FS199,12505,+,C,TGCCTAG
FS199,13094,-,A,ACAACTA
FS199,13354,-,A,TAAATAG
FS199,13443,-,A,TGAAGTG
FS199,13575,+,C,TCTCATC
FS199,13599,+,C,CGCCTAT
FS199,14682,-,G,CGTGCGA
FS199,15511,-,A,ATAATTG
FS199,16121,-,A,AATATTC
FS199,16366,+,C,CCCCATG
FS199,16377,+,C,ACCCCCC
FS199,16378,+,C,CCCCCCT
FS199,16467,+,C,ACACTTG
FS201,349,+,C,TGCCAAA
FS201,1781,+,A,TATAGTA
FS201,1832,+,A,AGGACTA
FS201,2031,+,A,GATAGAA
FS201,2185,+,G,GCAGCCA
FS201,3231,-,A,TTAACAA
FS201,3505,+,A,TCTACCA
FS201,3672,-,T,TGATGCT
FS201,3730,-,A,CATATGA
FS201,3784,-,A,TAAAGGA
FS201,3826,-,A,GTAATCA
FS201,4271,-,C,AGACATA
FS201,4451,-,A,ATAACCA
FS201,5077,-,A,TTAAGAA
FS201,5182,+,C,TAACATG
FS201,5332,-,A,TTAAGGA
FS201,5373,-,T,TGATTGA
FS201,5740,+,C,CGCCGCC
FS201,6034,+,C,AGCCAGG
FS201,6056,+,C,CGACCAC
FS201,6057,+,C,GACCACA
FS201,6059,+,C,CCACATC
FS201,6468,+,C,GTCCTAA
FS201,6475,+,C,TCACAGC
FS201,6486,+,C,CTACTTC
FS201,6523,+,C,TCACTAT
FS201,6974,+,A,TGTATTA
FS201,7067,+,C,TGCCATC
FS201,7229,+,C,GGACTAC
FS201,7480,-,A,GAAACCA
FS201,7683,-,A,ATAAGGA
FS201,7725,+,C,TCACAAC
FS201,7758,-,G,TGAGCGT
FS201,8344,-,T,TGGTTCT
FS201,8744,-,A,GATACTA
FS201,8748,+,C,ATCCTTA
FS201,9003,-,G,TAGGCGT
FS201,9069,-,T,TGATATT
FS201,9381,-,G,CGCGCCA
FS201,9700,-,A,GTAATAA
FS201,10669,-,G,GCGGCAA
FS201,11075,-,A,TTAAGGA
FS201,12395,-,A,GTAAGGA
FS201,12623,-,A,GTAACGA
FS201,12977,-,A,CCTAGTA
FS201,13111,-,A,GTAAGAA
FS201,13126,+,C,TTCCACC
FS201,13132,+,C,CCCCTAG
FS201,13228,-,T,TGATGTC
FS201,13354,-,A,TAAATAG
FS201,13858,+,A,CTAACCA
FS201,13966,+,A,CTTACGA
FS201,13987,+,C,CTACTCC
FS201,14087,-,A,TTAATTA
FS201,14270,-,T,TGATTCG
FS201,14573,+,A,CTAACAA
FS201,15043,+,G,CGGGCGA
FS201,15461,-,A,TTAAGGA
FS201,15949,+,G,CAAGGAC
FS201,16074,-,T,TGATGGG
FS201,16341,-,A,GTAATGT
FS201,16498,+,C,CGACATC
FS203,349,+,C,TGCCAAA
FS203,536,-,G,ATGGGGT
FS203,544,-,G,TTCGGGG
FS203,558,-,G,TGGGGTT
FS203,560,-,G,TTTGGGG
FS203,728,-,G,TTAGAGG
FS203,853,-,G,TTAGTTA
FS203,863,-,G,TTAGTAT
FS203,902,-,C,TGACCGC
FS203,933,-,C,CGCCGGC
FS203,937,-,A,TTTACGC
FS203,1062,+,G,TAAGACC
FS203,1100,+,C,GCCCTAA
FS203,1190,-,G,AGGGATA
FS203,1428,+,G,TTAGCAG
FS203,1525,-,G,TTAGTTA
FS203,1597,-,G,TTCGTCC
FS203,1598,-,C,GTTCGTC
FS203,1685,+,C,CCCCAAA
FS203,1782,+,G,ATAGTAC
FS203,1836,+,A,CTAACCC
FS203,1895,-,G,TTAGCTT
FS203,1923,+,C,TACCTAA
FS203,1923,-,G,TTAGGTA
FS203,1933,-,G,TTAGCTG
FS203,1942,-,G,TGTGCTC
FS203,2431,-,G,TGTGTTG
FS203,3442,-,G,GTAGTAG
FS203,3543,+,C,TCTCACC
FS203,3545,+,C,TCACCAT
FS203,3546,+,C,CACCATC
FS203,3547,+,A,ACCATCG
FS203,3569,+,C,CCCCCCT
FS203,3576,+,C,CCCCATA
FS203,3950,+,A,AATACGC
FS203,4235,-,G,ATTGTAA
FS203,4271,-,C,AGACATA
FS203,4273,-,G,TCAGACA
FS203,4274,-,A,ATCAGAC
FS203,4275,-,C,TATCAGA
FS203,4277,-,A,TTTATCA
FS203,4560,+,G,TGAGTAG
FS203,4656,-,G,CTTGCGT
FS203,4682,+,A,TCTAATA
FS203,5122,-,A,AGTAGTA
FS203,5170,+,G,CCTGAAA
FS203,5174,+,C,AAACAAG
FS203,5182,+,C,TAACATG
FS203,5187,+,C,TGACTAA
FS203,5699,-,G,TTAGCTG
FS203,5726,-,A,TAGATTG
FS203,5727,-,G,GTAGATT
FS203,5728,-,A,AGTAGAT
FS203,5908,+,T,TGTTCGC
FS203,5979,+,G,TGAGCTG
FS203,6034,+,C,AGCCAGG
FS203,6053,+,C,TAACGAC
FS203,6056,+,C,CGACCAC
FS203,6258,-,C,CCTCCAC
FS203,6470,+,A,CCTAATC
FS203,6475,+,C,TCACAGC
FS203,6477,+,G,ACAGCAG
FS203,6661,-,A,ATTATTC
FS203,7031,+,C,CCACTTC
FS203,7035,+,C,TTCCACT
FS203,7067,+,C,TGCCATC
FS203,7223,+,C,TTACTCG
FS203,7270,-,A,CCTACAG
FS203,7758,-,G,TGAGCGT
FS203,7762,+,G,TCAGGAA
FS203,7763,+,G,CAGGAAA
FS203,7782,-,G,ATAGTTC
FS203,7845,-,G,TCTGTTA
FS203,7929,-,C,AGTCCGC
FS203,7932,-,A,ATTAGTC
FS203,8358,+,A,TTTACAG
FS203,8359,+,C,TTACAGT
FS203,8361,+,G,ACAGTGA
FS203,8743,+,G,CTAGTAT
FS203,9013,-,T,TGTTAGC
FS203,9322,+,C,ACTCCAT
FS203,9335,+,C,CCTCATA
FS203,9853,-,G,ATAGTGA
FS203,11724,+,C,TTACATC
FS203,11839,-,A,TAGAAGT
FS203,12227,-,G,TTAGCAG
FS203,12297,-,A,CTAAGAC
FS203,13119,+,C,CATCCGC
FS203,13120,+,C,ATCCGCT
FS203,13121,+,G,TCCGCTT
FS203,13126,+,C,TTCCACC
FS203,13135,+,G,CTAGCAG
FS203,13196,+,T,TGTTCGC
FS203,13198,+,G,TTCGCAG
FS203,14084,-,A,ATTATGC
FS203,14688,-,G,GTAGTCC
FS203,14689,-,A,TGTAGTC
FS203,14854,-,G,AAGGAGT
FS203,14948,-,G,TGTGGGC
FS203,15604,+,C,TAACAAA
FS203,16104,-,G,GCAGTAA
FS203,16228,-,G,ATAGTTG
FS203,16429,-,G,TGTGCGG
FS203,16465,+,C,TAACACT
FS203,16473,+,G,GGGGGTA
FS203,16474,+,G,GGGGTAG
FS203,16477,+,G,GTAGCTA
FS203,16498,+,C,CGACATC
FS257,531,-,A,GTTAGCA
FS257,578,-,A,TAAACTG
FS257,582,-,A,TACATAA
FS257,584,-,A,GCTACAT
FS257,605,-,A,TGTATTG
FS257,610,-,A,TTCAGTG
FS257,616,-,A,AACATTT
FS257,618,-,A,TAAACAT
FS257,1781,+,A,TATAGTA
FS257,2497,-,A,TAAACAG
FS257,2517,-,A,GCTAGAG
FS257,2885,-,A,TATAGTA
FS257,2887,-,A,AGTATAG
FS257,2973,-,A,CCTATTG
FS257,3101,+,A,TCTATCT
FS257,3104,-,A,NGTAGAT
FS257,3105,+,A,TCTACNT
FS257,3250,-,A,ATTACCG
FS257,3396,-,A,TATATAG
FS257,3398,-,A,TGTATAT
FS257,3440,-,A,AGTAGCC
FS257,3464,-,A,TTTATGG
FS257,3515,-,A,TAGAGGG
FS257,3517,-,A,TGTAGAG
FS257,3521,-,A,GTGATGT
FS257,3562,-,A,TTCATAG
FS257,3605,-,A,CCTAGGT
FS257,3623,-,A,GCTAGAA
FS257,3633,-,A,GCTAGAG
FS257,3732,-,A,TTCATAT
FS257,4414,-,A,TTTAGCT
FS257,4454,-,A,GGTATAA
FS257,4465,-,A,AGTACGG
FS257,4471,-,A,TTAATTA
FS257,4472,-,A,ATTAATT
FS257,4573,-,A,TTTATTT
FS257,4612,-,A,TTTATTT
FS257,4703,-,A,TATATTG
FS257,5808,-,A,TTCATAT
FS257,5865,-,A,TGGACTG
FS257,5918,-,A,TCAACGG
FS257,5930,-,A,TGTAGAG
FS257,5956,-,A,TATAGTG
FS257,6112,-,A,ATTACTA
FS257,6148,-,A,ACTAGTC
FS257,6157,-,A,ATTAGGG
FS257,6160,-,A,ATTATTA
FS257,6167,-,A,GGCACCG
FS257,6176,-,A,CATATCG
FS257,6193,-,A,TTTATGC
FS257,6202,-,A,CTTATGT
FS257,6210,-,A,GTCAGAA
FS257,6232,-,A,AGTAGGA
FS257,6238,-,A,AGCAGGA
FS257,6248,-,A,AGCAGAT
FS257,6251,-,A,TATAGCA
FS257,6253,-,A,ACTATAG
FS257,6256,-,A,TCCACTA
FS257,6309,-,A,AGTAGTT
FS257,6331,-,A,TCTACGG
FS257,6793,-,A,TCTATTC
FS257,6799,-,A,TCTACGT
FS257,6813,-,A,AATATGC
FS257,6827,-,A,GGTAGCG
FS257,6832,-,A,ATTATGG
FS257,6898,-,A,TTCATAT
FS257,6903,-,A,ATCATTT
FS257,7575,-,A,TATAGGA
FS257,7577,-,A,TATATAG
FS257,7609,-,A,TAGACCT
FS257,7611,-,A,TGTAGAC
FS257,7612,+,A,TCTACAA
FS257,7621,-,A,AGTAGCG
FS257,7647,-,A,GTGATAA
FS257,7657,-,A,ATCATGA
FS257,7695,-,A,ACTAGGA
FS257,7698,-,A,AGGACTA
FS257,7703,-,A,CATACAG
FS257,7733,-,G,TTAGTTT
FS257,7734,-,A,GTTAGTT
FS257,7738,-,A,ATTAGTT
FS257,7741,-,A,AGTATTA
FS257,7743,-,G,TTAGTAT
FS257,7744,-,A,GTTAGTA
FS257,7749,-,A,GAGATGT
FS257,7751,-,A,CTGAGAT
FS257,7758,-,G,TGAGCGT
FS257,7759,-,A,CTGAGCG
FS257,7767,-,A,TCTATTT
FS257,7776,-,A,CAGACGG
FS257,7778,-,A,TTCAGAC
FS257,7783,-,A,GATAGTT
FS257,7785,-,A,AGGATAG
FS257,7788,-,A,GGCAGGA
FS257,7797,-,A,ATGATGG
FS257,7800,-,A,AGGATGA
FS257,7803,-,A,ACTAGGA
FS257,7806,-,A,AGGACTA
FS257,7812,-,A,GCGATGA
FS257,7827,-,A,CGTAGGG
FS257,7836,-,A,TAAAGGA
FS257,7838,-,A,TGTAAAG
FS257,7901,-,A,TTCAGTA
FS257,7913,-,A,TGTACTC
FS257,9090,-,A,TGTAGAG
FS257,9113,-,A,ATTAGAA
FS257,9367,-,A,TATATGG
FS257,9577,-,A,TTTAGCG
FS257,9586,-,A,TCTAGGG
FS257,9601,-,A,TTTAGGA
FS257,9613,-,A,AATACGG
FS257,9633,-,A,TTGATAC
FS257,9637,-,A,GTGATTG
FS257,9642,-,A,CTCAGGT
FS257,9653,-,A,ACTATGG
FS257,9658,-,A,ATTAGAC
FS257,9661,-,A,TCTATTA
FS257,9682,-,A,ATTATTT
FS257,9694,-,A,AGCAGTG
FS257,9698,-,A,AATAAGC
FS257,9701,-,A,TGTAATA
FS257,9706,-,A,AAAATTG
FS257,9707,-,A,TAAAATT
FS257,9709,-,A,AGTAAAA
FS257,9712,-,A,CCCAGTA
FS257,9716,-,A,GAGACCC
FS257,9718,-,A,TAGAGAC
FS257,9722,-,A,AAAATAG
FS257,9725,-,A,GGTAAAA
FS257,9730,-,A,AGGAGGG
FS257,9733,-,A,TGTAGGA
FS257,9747,-,A,AGTACTC
FS257,9756,-,A,GAGACTC
FS257,9758,-,A,GGGAGAC
FS257,9781,-,A,TAGATGC
FS257,9789,-,A,TTGAGCC
FS257,9802,-,A,GCTACAA
FS257,10001,-,A,TATACTA
FS257,10525,-,A,AGTATTC
FS257,10528,-,A,ACTAGTA
FS257,10531,-,A,TATACTA
FS257,10558,-,A,AGTAGGG
FS257,10576,-,A,ATTATTC
FS257,10579,-,A,AGTATTA
FS257,10582,-,A,GATAGTA
FS257,10595,-,A,TATAATG
FS257,11649,-,A,ACTACGA
FS257,12427,-,A,ATGAGTT
FS257,12430,-,A,GGTATGA
FS257,12443,-,A,TTTACAT
FS257,12494,-,A,AATATTG
FS257,12502,-,A,GGCACAT
FS257,12506,-,A,TCTAGGC
FS257,12586,-,A,AGTAGTC
FS257,12611,-,A,GCTACAG
FS257,12655,-,A,TATATCA
FS257,12854,-,A,TATAGGA
FS257,12856,-,A,TGTATAG
FS257,12908,-,A,TGTAGGA
FS257,12919,-,A,ATGAGTT
FS257,12938,-,A,GCTATTT
FS257,12954,-,A,ATTAGCG
FS257,12974,-,A,AGTAGTG
FS257,12977,-,A,CCTAGTA
FS257,14734,-,A,TGTAGTT
FS257,14757,-,A,CGTATTG
FS257,14775,-,A,ATTAGGG
FS257,14778,-,A,TTTATTA
FS257,14783,-,A,TTAATTT
FS257,14784,-,A,ATTAATT
FS257,14787,-,A,TTAATTA
FS257,14798,-,A,TGAATGA
FS257,14826,-,A,GAGATGT
FS257,14828,-,A,CGGAGAT
FS257,14834,-,A,ATCATGC
FS257,14837,-,A,TTCATCA
FS257,14848,-,G,TGAGCCG
FS257,14849,-,A,GTGAGCC
FS257,14853,-,A,AGGAGTG
FS257,14864,-,A,GGCAGGC
FS257,14868,-,A,ATCAGGC
FS257,14871,-,A,AGGATCA
FS257,14880,-,A,GTGATTT
FS257,14892,-,A,AATAGTC
FS257,14894,-,A,GGAATAG
FS257,14898,-,A,GCTAGGA
FS257,14904,-,A,TGCATGG
FS257,14909,-,A,AGTAGTG
FS257,14911,-,G,TGAGTAG
FS257,14912,-,A,GTGAGTA
FS257,14924,-,A,TTGAGGC
FS257,14939,-,A,TTGATGA
FS257,15033,-,A,TGTAGGA
FS257,15816,-,A,TATAGTA
FS257,16243,-,A,TGCAGTT
FS257,16263,-,A,GTGAGGG
FS257,16271,-,A,CCTAGTG
FS257,16288,-,A,GGTAGGT
FS257,16297,-,A,TTAAGGG
FS257,16304,-,A,TGTACTG
FS257,16308,-,A,ACTATGT
FS257,16311,-,A,TGTACTA
FS257,16315,-,A,TTTATGT
FS257,16323,-,A,TAAATGG
FS257,16324,-,A,GTAAATG
FS257,16325,-,A,GGTAAAT
FS257,16328,-,G,TACGGTA
FS257,16330,-,A,TGTACGG
FS257,16332,-,G,TATGTAC
FS257,16334,-,A,GCTATGT
FS257,16341,-,A,GTAATGT
FS257,16342,-,A,TGTAATG
FS257,16347,-,A,TTGACTG
FS257,16348,-,G,TTTGACT
FS257,16352,-,A,GGGATTT
FS257,16356,-,A,AGAAGGG
FS257,16357,-,A,GAGAAGG
FS257,16359,-,A,ACGAGAA
FS257,16362,-,A,GGGACGA
FS257,16364,-,G,TGGGGAC
FS257,16368,-,A,TCCATGG
FS257,16372,-,A,GTCATCC
FS257,16376,-,G,GGGGGTC
FS257,16378,-,G,AGGGGGG
FS257,16380,-,G,TGAGGGG
FS257,16381,-,A,CTGAGGG
FS257,16386,-,A,CCTATCT
FS257,16392,-,A,GGGACCC
FS257,16396,-,A,TCAAGGG
FS257,16397,-,A,GTCAAGG
FS257,16403,-,G,ATGGTGG
FS257,16406,-,A,AGGATGG
FS257,16409,-,A,CGGAGGA
FS257,16413,-,A,TTCACGG
FS257,16418,-,A,TTGATTT
FS257,16422,-,A,GATATTG
FS257,16424,-,A,GGGATAT
FS257,16429,-,G,TGTGCGG
FS257,16437,-,A,AGCACTC
FS257,16440,-,A,AGTAGCA
FS257,16442,-,G,AGAGTAG
FS257,16443,-,A,GAGAGTA
FS257,16445,-,A,AGGAGAG
FS257,16448,-,A,GCGAGGA
FS257,16452,-,A,CGGAGCG
FS258,126,+,A,AGTATCT
FS258,489,-,A,TGTATTG
FS258,531,-,A,GTTAGCA
FS258,584,-,A,GCTACAT
FS258,605,-,A,TGTATTG
FS258,610,-,A,TTCAGTG
FS258,618,-,A,TAAACAT
FS258,729,-,A,TTTAGAG
FS258,1477,-,A,TGTACGC
FS258,2885,-,A,TATAGTA
FS258,2973,-,A,CCTATTG
FS258,3105,+,A,TCTACNT
FS258,3250,-,A,ATTACCG
FS258,3271,-,A,TAAAGTT
FS258,3394,-,A,TATAGCC
FS258,3396,-,A,TATATAG
FS258,3398,-,A,TGTATAT
FS258,3425,-,A,CCTACAA
FS258,3440,-,A,AGTAGCC
FS258,3443,-,A,TGTAGTA
FS258,3464,-,A,TTTATGG
FS258,3517,-,A,TGTAGAG
FS258,3605,-,A,CCTAGGT
FS258,3633,-,A,GCTAGAG
FS258,4414,-,A,TTTAGCT
FS258,4454,-,A,GGTATAA
FS258,4465,-,A,AGTACGG
FS258,4472,-,A,ATTAATT
FS258,4573,-,A,TTTATTT
FS258,4612,-,A,TTTATTT
FS258,4703,-,A,TATATTG
FS258,4772,-,A,TATAGCT
FS258,5808,-,A,TTCATAT
FS258,5930,-,A,TGTAGAG
FS258,5956,-,A,TATAGTG
FS258,6094,-,A,ATTACAA
FS258,6097,-,A,ATTATTA
FS258,6112,-,A,ATTACTA
FS258,6144,-,A,GTCAGTT
FS258,6148,-,A,ACTAGTC
FS258,6157,-,A,ATTAGGG
FS258,6160,-,A,ATTATTA
FS258,6193,-,A,TTTATGC
FS258,6202,-,A,CTTATGT
FS258,6210,-,A,GTCAGAA
FS258,6229,-,A,AGGAGAG
FS258,6232,-,A,AGTAGGA
FS258,6235,-,A,AGGAGTA
FS258,6238,-,A,AGCAGGA
FS258,6248,-,A,AGCAGAT
FS258,6251,-,A,TATAGCA
FS258,6309,-,A,AGTAGTT
FS258,6331,-,A,TCTACGG
FS258,6793,-,A,TCTATTC
FS258,6799,-,A,TCTACGT
FS258,6813,-,A,AATATGC
FS258,6827,-,A,GGTAGCG
FS258,6832,-,A,ATTATGG
FS258,7575,-,A,TATAGGA
FS258,7577,-,A,TATATAG
FS258,7609,-,A,TAGACCT
FS258,7611,-,A,TGTAGAC
FS258,7621,-,A,AGTAGCG
FS258,7632,-,A,ATGATAG
FS258,7635,-,A,TCTATGA
FS258,7647,-,A,GTGATAA
FS258,7657,-,A,ATCATGA
FS258,7671,-,A,ATTATGA
FS258,7695,-,A,ACTAGGA
FS258,7698,-,A,AGGACTA
FS258,7703,-,A,CATACAG
FS258,7705,-,A,GGCATAC
FS258,7716,-,A,GTTAGGA
FS258,7734,-,A,GTTAGTT
FS258,7738,-,A,ATTAGTT
FS258,7741,-,A,AGTATTA
FS258,7744,-,A,GTTAGTA
FS258,7749,-,A,GAGATGT
FS258,7751,-,A,CTGAGAT
FS258,7759,-,A,CTGAGCG
FS258,7767,-,A,TCTATTT
FS258,7776,-,A,CAGACGG
FS258,7778,-,A,TTCAGAC
FS258,7783,-,A,GATAGTT
FS258,7785,-,A,AGGATAG
FS258,7788,-,A,GGCAGGA
FS258,7797,-,A,ATGATGG
FS258,7800,-,A,AGGATGA
FS258,7803,-,A,ACTAGGA
FS258,7806,-,A,AGGACTA
FS258,7809,-,A,ATGAGGA
FS258,7812,-,A,GCGATGA
FS258,7827,-,A,CGTAGGG
FS258,7901,-,A,TTCAGTA
FS258,7913,-,A,TGTACTC
FS258,9090,-,A,TGTAGAG
FS258,9113,-,A,ATTAGAA
FS258,9367,-,A,TATATGG
FS258,9577,-,A,TTTAGCG
FS258,9586,-,A,TCTAGGG
FS258,9601,-,A,TTTAGGA
FS258,9613,-,A,AATACGG
FS258,9633,-,A,TTGATAC
FS258,9637,-,A,GTGATTG
FS258,9642,-,A,CTCAGGT
FS258,9653,-,A,ACTATGG
FS258,9658,-,A,ATTAGAC
FS258,9661,-,A,TCTATTA
FS258,9682,-,A,ATTATTT
FS258,9694,-,A,AGCAGTG
FS258,9698,-,A,AATAAGC
FS258,9701,-,A,TGTAATA
FS258,9706,-,A,AAAATTG
FS258,9707,-,A,TAAAATT
FS258,9709,-,A,AGTAAAA
FS258,9712,-,A,CCCAGTA
FS258,9716,-,A,GAGACCC
FS258,9718,-,A,TAGAGAC
FS258,9720,-,A,AATAGAG
FS258,9722,-,A,AAAATAG
FS258,9725,-,A,GGTAAAA
FS258,9730,-,A,AGGAGGG
FS258,9733,-,A,TGTAGGA
FS258,9747,-,A,AGTACTC
FS258,9802,-,A,GCTACAA
FS258,9940,-,A,TCTACAA
FS258,10001,-,A,TATACTA
FS258,10525,-,A,AGTATTC
FS258,10531,-,A,TATACTA
FS258,10558,-,A,AGTAGGG
FS258,10576,-,A,ATTATTC
FS258,10579,-,A,AGTATTA
FS258,11649,-,A,ACTACGA
FS258,11961,-,A,ACTAGTA
FS258,11973,-,A,TATAGGG
FS258,11984,-,A,TGTAGAG
FS258,12427,-,A,ATGAGTT
FS258,12430,-,A,GGTATGA
FS258,12443,-,A,TTTACAT
FS258,12494,-,A,AATATTG
FS258,12502,-,A,GGCACAT
FS258,12506,-,A,TCTAGGC
FS258,12808,-,A,ATCATCA
FS258,12854,-,A,TATAGGA
FS258,12856,-,A,TGTATAG
FS258,12905,-,A,AGGATAA
FS258,12908,-,A,TGTAGGA
FS258,12919,-,A,ATGAGTT
FS258,12938,-,A,GCTATTT
FS258,12947,-,A,TTTAGAA
FS258,12954,-,A,ATTAGCG
FS258,12974,-,A,AGTAGTG
FS258,12977,-,A,CCTAGTA
FS258,12989,-,A,GCTAGGA
FS258,14734,-,A,TGTAGTT
FS258,14757,-,A,CGTATTG
FS258,14775,-,A,ATTAGGG
FS258,14778,-,A,TTTATTA
FS258,14783,-,A,TTAATTT
FS258,14784,-,A,ATTAATT
FS258,14787,-,A,TTAATTA
FS258,14795,-,A,ATGAGTG
FS258,14798,-,A,TGAATGA
FS258,14802,-,A,TCGATGA
FS258,14808,-,A,GGGAGGT
FS258,14826,-,A,GAGATGT
FS258,14828,-,A,CGGAGAT
FS258,14834,-,A,ATCATGC
FS258,14837,-,A,TTCATCA
FS258,14849,-,A,GTGAGCC
FS258,14853,-,A,AGGAGTG
FS258,14864,-,A,GGCAGGC
FS258,14868,-,A,ATCAGGC
FS258,14871,-,A,AGGATCA
FS258,14880,-,A,GTGATTT
FS258,14892,-,A,AATAGTC
FS258,14894,-,A,GGAATAG
FS258,14898,-,A,GCTAGGA
FS258,14904,-,A,TGCATGG
FS258,14909,-,A,AGTAGTG
FS258,14912,-,A,GTGAGTA
FS258,14924,-,A,TTGAGGC
FS258,14939,-,A,TTGATGA
FS258,15033,-,A,TGTAGGA
FS258,15255,-,A,TCTACTG
FS258,15816,-,A,TATAGTA
FS258,16209,-,A,TGTACTT
FS258,16243,-,A,TGCAGTT
FS258,16263,-,A,GTGAGGG
FS258,16271,-,A,CCTAGTG
FS258,16276,-,A,GGTATCC
FS258,16288,-,A,GGTAGGT
FS258,16297,-,A,TTAAGGG
FS258,16298,-,A,GTTAAGG
FS258,16304,-,A,TGTACTG
FS258,16308,-,A,ACTATGT
FS258,16311,-,A,TGTACTA
FS258,16315,-,A,TTTATGT
FS258,16323,-,A,TAAATGG
FS258,16325,-,A,GGTAAAT
FS258,16330,-,A,TGTACGG
FS258,16334,-,A,GCTATGT
FS258,16341,-,A,GTAATGT
FS258,16342,-,A,TGTAATG
FS258,16347,-,A,TTGACTG
FS258,16352,-,A,GGGATTT
FS258,16356,-,A,AGAAGGG
FS258,16359,-,A,ACGAGAA
FS258,16362,-,A,GGGACGA
FS258,16368,-,A,TCCATGG
FS258,16372,-,A,GTCATCC
FS258,16376,-,G,GGGGGTC
FS258,16381,-,A,CTGAGGG
FS258,16386,-,A,CCTATCT
FS258,16392,-,A,GGGACCC
FS258,16396,-,A,TCAAGGG
FS258,16397,-,A,GTCAAGG
FS258,16406,-,A,AGGATGG
FS258,16409,-,A,CGGAGGA
FS258,16413,-,A,TTCACGG
FS258,16418,-,A,TTGATTT
FS258,16422,-,A,GATATTG
FS258,16424,-,A,GGGATAT
FS258,16437,-,A,AGCACTC
FS258,16440,-,A,AGTAGCA
FS258,16443,-,A,GAGAGTA
FS258,16445,-,A,AGGAGAG
FS258,16448,-,A,GCGAGGA
FS258,16452,-,A,CGGAGCG
FS259,126,+,A,AGTATCT
FS259,578,-,A,TAAACTG
FS259,584,-,A,GCTACAT
FS259,593,-,A,AGGAGGT
FS259,605,-,A,TGTATTG
FS259,610,-,A,TTCAGTG
FS259,616,-,A,AACATTT
FS259,618,-,A,TAAACAT
FS259,729,-,A,TTTAGAG
FS259,1089,-,A,CATAGTG
FS259,1680,+,A,CCTAGCC
FS259,1731,+,A,TTTACCC
FS259,1781,+,A,TATAGTA
FS259,1784,+,A,AGTACCG
FS259,2465,-,A,TTTACTT
FS259,2475,-,A,CCGAGTT
FS259,2485,-,A,GTAAGAT
FS259,2497,-,A,TAAACAG
FS259,2515,-,A,TAGAGGT
FS259,2517,-,A,GCTAGAG
FS259,2529,-,A,AATACTG
FS259,2532,-,A,TCTAATA
FS259,2586,-,A,TGCACGG
FS259,2850,-,A,TGTACTG
FS259,2885,-,A,TATAGTA
FS259,2955,-,A,TCTAGAA
FS259,2973,-,A,CCTATTG
FS259,3044,+,A,TTCAACG
FS259,3074,+,A,TTCAGAC
FS259,3102,-,A,TAGATAG
FS259,3104,-,A,NGTAGAT
FS259,3105,+,A,TCTACNT
FS259,3150,-,A,AGTAGGC
FS259,3202,-,A,GGTATAA
FS259,3250,-,A,ATTACCG
FS259,3271,-,A,TAAAGTT
FS259,3273,-,A,TGTAAAG
FS259,3326,-,A,AGTAGGA
FS259,3365,-,A,ATTAGGA
FS259,3389,-,A,CCTAGAA
FS259,3394,-,A,TATAGCC
FS259,3396,-,A,TATATAG
FS259,3398,-,A,TGTATAT
FS259,3404,-,A,CGTAGTT
FS259,3425,-,A,CCTACAA
FS259,3440,-,A,AGTAGCC
FS259,3443,-,A,TGTAGTA
FS259,3456,-,A,GTCAGCG
FS259,3464,-,A,TTTATGG
FS259,3470,-,A,AAGAGTT
FS259,3472,-,A,TGAAGAG
FS259,3488,-,A,TTTAGGG
FS259,3517,-,A,TGTAGAG
FS259,3599,-,A,TTGAGGT
FS259,3605,-,A,CCTAGGT
FS259,3623,-,A,GCTAGAA
FS259,3633,-,A,GCTAGAG
FS259,4399,-,A,TTTAGGA
FS259,4414,-,A,TTTAGCT
FS259,4454,-,A,GGTATAA
FS259,4465,-,A,AGTACGG
FS259,4472,-,A,ATTAATT
FS259,4534,-,A,CTTAGCG
FS259,4573,-,A,TTTATTT
FS259,4612,-,A,TTTATTT
FS259,5169,-,A,TTCAGGT
FS259,5782,-,A,AGCAGCT
FS259,5808,-,A,TTCATAT
FS259,5865,-,A,TGGACTG
FS259,5928,-,A,TAGAGAA
FS259,5930,-,A,TGTAGAG
FS259,5956,-,A,TATAGTG
FS259,6112,-,A,ATTACTA
FS259,6148,-,A,ACTAGTC
FS259,6157,-,A,ATTAGGG
FS259,6160,-,A,ATTATTA
FS259,6193,-,A,TTTATGC
FS259,6202,-,A,CTTATGT
FS259,6210,-,A,GTCAGAA
FS259,6232,-,A,AGTAGGA
FS259,6238,-,A,AGCAGGA
FS259,6248,-,A,AGCAGAT
FS259,6251,-,A,TATAGCA
FS259,6253,-,A,ACTATAG
FS259,6256,-,A,TCCACTA
FS259,6309,-,A,AGTAGTT
FS259,6331,-,A,TCTACGG
FS259,6352,-,A,TGTAAGG
FS259,6358,-,A,GCTAGGT
FS259,6787,-,A,CCTACTG
FS259,6793,-,A,TCTATTC
FS259,6799,-,A,TCTACGT
FS259,6813,-,A,AATATGC
FS259,6827,-,A,GGTAGCG
FS259,6832,-,A,ATTATGG
FS259,6977,+,A,ATTAGCA
FS259,7568,-,A,TTTAGCC
FS259,7575,-,A,TATAGGA
FS259,7577,-,A,TATATAG
FS259,7609,-,A,TAGACCT
FS259,7611,-,A,TGTAGAC
FS259,7612,+,A,TCTACAA
FS259,7621,-,A,AGTAGCG
FS259,7635,-,A,TCTATGA
FS259,7671,-,A,ATTATGA
FS259,7688,-,A,AGCAGAT
FS259,7695,-,A,ACTAGGA
FS259,7698,-,A,AGGACTA
FS259,7701,-,A,TACAGGA
FS259,7703,-,A,CATACAG
FS259,7716,-,A,GTTAGGA
FS259,7722,-,A,GTGAGTG
FS259,7734,-,A,GTTAGTT
FS259,7738,-,A,ATTAGTT
FS259,7741,-,A,AGTATTA
FS259,7744,-,A,GTTAGTA
FS259,7749,-,A,GAGATGT
FS259,7751,-,A,CTGAGAT
FS259,7759,-,A,CTGAGCG
FS259,7767,-,A,TCTATTT
FS259,7778,-,A,TTCAGAC
FS259,7783,-,A,GATAGTT
FS259,7785,-,A,AGGATAG
FS259,7788,-,A,GGCAGGA
FS259,7797,-,A,ATGATGG
FS259,7803,-,A,ACTAGGA
FS259,7806,-,A,AGGACTA
FS259,7809,-,A,ATGAGGA
FS259,7827,-,A,CGTAGGG
FS259,7898,-,A,AGTACCA
FS259,7901,-,A,TTCAGTA
FS259,7913,-,A,TGTACTC
FS259,8823,-,A,TATAGAT
FS259,9090,-,A,TGTAGAG
FS259,9367,-,A,TATATGG
FS259,9501,-,A,CTCAGAA
FS259,9523,-,A,GCTAGGC
FS259,9577,-,A,TTTAGCG
FS259,9586,-,A,TCTAGGG
FS259,9598,-,A,AGGAGTG
FS259,9601,-,A,TTTAGGA
FS259,9613,-,A,AATACGG
FS259,9616,-,A,AGTAATA
FS259,9633,-,A,TTGATAC
FS259,9637,-,A,GTGATTG
FS259,9642,-,A,CTCAGGT
FS259,9647,-,A,GTGAGCT
FS259,9653,-,A,ACTATGG
FS259,9656,-,A,TAGACTA
FS259,9658,-,A,ATTAGAC
FS259,9661,-,A,TCTATTA
FS259,9682,-,A,ATTATTT
FS259,9694,-,A,AGCAGTG
FS259,9698,-,A,AATAAGC
FS259,9701,-,A,TGTAATA
FS259,9706,-,A,AAAATTG
FS259,9707,-,A,TAAAATT
FS259,9709,-,A,AGTAAAA
FS259,9712,-,A,CCCAGTA
FS259,9716,-,A,GAGACCC
FS259,9718,-,A,TAGAGAC
FS259,9720,-,A,AATAGAG
FS259,9722,-,A,AAAATAG
FS259,9723,-,A,TAAAATA
FS259,9724,-,A,GTAAAAT
FS259,9725,-,A,GGTAAAA
FS259,9730,-,A,AGGAGGG
FS259,9733,-,A,TGTAGGA
FS259,9747,-,A,AGTACTC
FS259,9756,-,A,GAGACTC
FS259,9758,-,A,GGGAGAC
FS259,9781,-,A,TAGATGC
FS259,9783,-,A,CGTAGAT
FS259,9789,-,A,TTGAGCC
FS259,9802,-,A,GCTACAA
FS259,10525,-,A,AGTATTC
FS259,10528,-,A,ACTAGTA
FS259,10531,-,A,TATACTA
FS259,10558,-,A,AGTAGGG
FS259,10567,-,A,TCTAGGC
FS259,10576,-,A,ATTATTC
FS259,10579,-,A,AGTATTA
FS259,10582,-,A,GATAGTA
FS259,11114,-,A,TATAAAA
FS259,11649,-,A,ACTACGA
FS259,11678,-,A,TTCAGGG
FS259,11958,-,A,AGTATGT
FS259,11961,-,A,ACTAGTA
FS259,11973,-,A,TATAGGG
FS259,11984,-,A,TGTAGAG
FS259,12354,-,A,TATAGTA
FS259,12427,-,A,ATGAGTT
FS259,12443,-,A,TTTACAT
FS259,12494,-,A,AATATTG
FS259,12502,-,A,GGCACAT
FS259,12506,-,A,TCTAGGC
FS259,12532,-,A,GTCAGTT
FS259,12581,-,A,TCTAGTT
FS259,12586,-,A,AGTAGTC
FS259,12609,-,A,TACAGGG
FS259,12611,-,A,GCTACAG
FS259,12808,-,A,ATCATCA
FS259,12854,-,A,TATAGGA
FS259,12908,-,A,TGTAGGA
FS259,12913,-,A,TGGAGTG
FS259,12919,-,A,ATGAGTT
FS259,12938,-,A,GCTATTT
FS259,12947,-,A,TTTAGAA
FS259,12954,-,A,ATTAGCG
FS259,12974,-,A,AGTAGTG
FS259,12977,-,A,CCTAGTA
FS259,12989,-,A,GCTAGGA
FS259,13089,-,A,TATAGTG
FS259,13112,-,A,AGTAAGA
FS259,13169,-,A,CATAGTG
FS259,13277,-,A,ACTATTA
FS259,13392,-,A,TTCATTG
FS259,13421,-,A,AGTAGTC
FS259,13543,-,A,TGTATGA
FS259,13886,-,A,CATAGTG
FS259,13888,-,A,TGCATAG
FS259,14178,-,A,TATATTG
FS259,14180,-,A,TATATAT
FS259,14304,+,A,TTCAGCT
FS259,14667,+,A,CATACAT
FS259,14689,-,A,TGTAGTC
FS259,14696,+,A,ACCACGA
FS259,14726,+,A,TGTATTT
FS259,14734,-,A,TGTAGTT
FS259,14735,+,A,ACTACAA
FS259,14757,-,A,CGTATTG
FS259,14775,-,A,ATTAGGG
FS259,14778,-,A,TTTATTA
FS259,14783,-,A,TTAATTT
FS259,14784,-,A,ATTAATT
FS259,14787,-,A,TTAATTA
FS259,14795,-,A,ATGAGTG
FS259,14798,-,A,TGAATGA
FS259,14826,-,A,GAGATGT
FS259,14828,-,A,CGGAGAT
FS259,14834,-,A,ATCATGC
FS259,14837,-,A,TTCATCA
FS259,14849,-,A,GTGAGCC
FS259,14853,-,A,AGGAGTG
FS259,14864,-,A,GGCAGGC
FS259,14868,-,A,ATCAGGC
FS259,14871,-,A,AGGATCA
FS259,14874,-,A,TGGAGGA
FS259,14880,-,A,GTGATTT
FS259,14892,-,A,AATAGTC
FS259,14894,-,A,GGAATAG
FS259,14898,-,A,GCTAGGA
FS259,14904,-,A,TGCATGG
FS259,14909,-,A,AGTAGTG
FS259,14912,-,A,GTGAGTA
FS259,14924,-,A,TTGAGGC
FS259,14939,-,A,TTGATGA
FS259,14975,-,A,TTCAGCC
FS259,15033,-,A,TGTAGGA
FS259,15076,+,A,CTCAGAA
FS259,15416,-,A,TGTAGTA
FS259,15816,-,A,TATAGTA
FS259,16157,-,A,TGTACTA
FS259,16238,-,A,TTGATGT
FS259,16243,-,A,TGCAGTT
FS259,16249,-,A,TGGAGTT
FS259,16263,-,A,GTGAGGG
FS259,16271,-,A,CCTAGTG
FS259,16276,-,A,GGTATCC
FS259,16288,-,A,GGTAGGT
FS259,16297,-,A,TTAAGGG
FS259,16298,-,A,GTTAAGG
FS259,16304,-,A,TGTACTG
FS259,16308,-,A,ACTATGT
FS259,16311,-,A,TGTACTA
FS259,16315,-,A,TTTATGT
FS259,16323,-,A,TAAATGG
FS259,16325,-,A,GGTAAAT
FS259,16330,-,A,TGTACGG
FS259,16334,-,A,GCTATGT
FS259,16341,-,A,GTAATGT
FS259,16342,-,A,TGTAATG
FS259,16347,-,A,TTGACTG
FS259,16352,-,A,GGGATTT
FS259,16356,-,A,AGAAGGG
FS259,16359,-,A,ACGAGAA
FS259,16362,-,A,GGGACGA
FS259,16368,-,A,TCCATGG
FS259,16372,-,A,GTCATCC
FS259,16381,-,A,CTGAGGG
FS259,16386,-,A,CCTATCT
FS259,16392,-,A,GGGACCC
FS259,16406,-,A,AGGATGG
FS259,16409,-,A,CGGAGGA
FS259,16413,-,A,TTCACGG
FS259,16418,-,A,TTGATTT
FS259,16422,-,A,GATATTG
FS259,16424,-,A,GGGATAT
FS259,16437,-,A,AGCACTC
FS259,16440,-,A,AGTAGCA
FS259,16443,-,A,GAGAGTA
FS259,16445,-,A,AGGAGAG
FS259,16448,-,A,GCGAGGA
FS259,16452,-,A,CGGAGCG
FS259,16534,+,A,AATAGCC
FS259,16564,+,A,ATCACGA
FS260,126,+,A,AGTATCT
FS260,578,-,A,TAAACTG
FS260,584,-,A,GCTACAT
FS260,605,-,A,TGTATTG
FS260,610,-,A,TTCAGTG
FS260,618,-,A,TAAACAT
FS260,729,-,A,TTTAGAG
FS260,859,-,A,TATAGCT
FS260,1089,-,A,CATAGTG
FS260,1257,-,A,TATATAG
FS260,1477,-,A,TGTACGC
FS260,1578,+,A,TGTACTG
FS260,1781,+,A,TATAGTA
FS260,1978,+,A,TTTATAG
FS260,2360,-,A,TTCAGTG
FS260,2465,-,A,TTTACTT
FS260,2475,-,A,CCGAGTT
FS260,2485,-,A,GTAAGAT
FS260,2497,-,A,TAAACAG
FS260,2515,-,A,TAGAGGT
FS260,2517,-,A,GCTAGAG
FS260,2529,-,A,AATACTG
FS260,2532,-,A,TCTAATA
FS260,2561,-,A,TAAACAT
FS260,2575,-,A,GGTACCG
FS260,2586,-,A,TGCACGG
FS260,2594,-,A,GCTACCT
FS260,2781,-,A,TTTAGGA
FS260,2850,-,A,TGTACTG
FS260,2851,+,A,AGTACAT
FS260,2882,-,A,AGTAGTT
FS260,2883,+,A,ACTACTA
FS260,2885,-,A,TATAGTA
FS260,2887,-,A,AGTATAG
FS260,2973,-,A,CCTATTG
FS260,2978,-,A,TAAACCC
FS260,3044,+,A,TTCAACG
FS260,3062,-,A,ATCACGT
FS260,3074,+,A,TTCAGAC
FS260,3084,+,A,AGTAATC
FS260,3102,-,A,TAGATAG
FS260,3104,-,A,NGTAGAT
FS260,3105,+,A,TCTACNT
FS260,3125,+,A,TGTACGA
FS260,3150,-,A,AGTAGGC
FS260,3250,-,A,ATTACCG
FS260,3271,-,A,TAAAGTT
FS260,3326,-,A,AGTAGGA
FS260,3394,-,A,TATAGCC
FS260,3396,-,A,TATATAG
FS260,3398,-,A,TGTATAT
FS260,3440,-,A,AGTAGCC
FS260,3443,-,A,TGTAGTA
FS260,3464,-,A,TTTATGG
FS260,3517,-,A,TGTAGAG
FS260,3605,-,A,CCTAGGT
FS260,3623,-,A,GCTAGAA
FS260,3633,-,A,GCTAGAG
FS260,3667,-,A,CTCACCC
FS260,4069,-,A,TGTAGAG
FS260,4399,-,A,TTTAGGA
FS260,4414,-,A,TTTAGCT
FS260,4451,-,A,ATAACCA
FS260,4454,-,A,GGTATAA
FS260,4465,-,A,AGTACGG
FS260,4468,-,A,ATTAGTA
FS260,4471,-,A,TTAATTA
FS260,4472,-,A,ATTAATT
FS260,4534,-,A,CTTAGCG
FS260,4573,-,A,TTTATTT
FS260,4582,-,A,GCTAGCA
FS260,4612,-,A,TTTATTT
FS260,4703,-,A,TATATTG
FS260,5782,-,A,AGCAGCT
FS260,5808,-,A,TTCATAT
FS260,5918,-,A,TCAACGG
FS260,5930,-,A,TGTAGAG
FS260,5956,-,A,TATAGTG
FS260,6063,-,A,TGTAGAT
FS260,6094,-,A,ATTACAA
FS260,6112,-,A,ATTACTA
FS260,6144,-,A,GTCAGTT
FS260,6148,-,A,ACTAGTC
FS260,6157,-,A,ATTAGGG
FS260,6160,-,A,ATTATTA
FS260,6167,-,A,GGCACCG
FS260,6193,-,A,TTTATGC
FS260,6202,-,A,CTTATGT
FS260,6210,-,A,GTCAGAA
FS260,6229,-,A,AGGAGAG
FS260,6232,-,A,AGTAGGA
FS260,6235,-,A,AGGAGTA
FS260,6238,-,A,AGCAGGA
FS260,6248,-,A,AGCAGAT
FS260,6251,-,A,TATAGCA
FS260,6309,-,A,AGTAGTT
FS260,6331,-,A,TCTACGG
FS260,6352,-,A,TGTAAGG
FS260,6793,-,A,TCTATTC
FS260,6799,-,A,TCTACGT
FS260,6813,-,A,AATATGC
FS260,6827,-,A,GGTAGCG
FS260,6832,-,A,ATTATGG
FS260,6977,+,A,ATTAGCA
FS260,7442,-,A,TCTAGAT
FS260,7522,-,A,AATACCT
FS260,7549,-,A,TTGACAA
FS260,7568,-,A,TTTAGCC
FS260,7575,-,A,TATAGGA
FS260,7577,-,A,TATATAG
FS260,7579,-,A,GATATAT
FS260,7605,-,A,CCTACTT
FS260,7609,-,A,TAGACCT
FS260,7611,-,A,TGTAGAC
FS260,7612,+,A,TCTACAA
FS260,7621,-,A,AGTAGCG
FS260,7630,-,A,GATAGGG
FS260,7647,-,A,GTGATAA
FS260,7657,-,A,ATCATGA
FS260,7671,-,A,ATTATGA
FS260,7683,-,A,ATAAGGA
FS260,7688,-,A,AGCAGAT
FS260,7695,-,A,ACTAGGA
FS260,7698,-,A,AGGACTA
FS260,7701,-,A,TACAGGA
FS260,7703,-,A,CATACAG
FS260,7734,-,A,GTTAGTT
FS260,7738,-,A,ATTAGTT
FS260,7741,-,A,AGTATTA
FS260,7744,-,A,GTTAGTA
FS260,7751,-,A,CTGAGAT
FS260,7759,-,A,CTGAGCG
FS260,7767,-,A,TCTATTT
FS260,7778,-,A,TTCAGAC
FS260,7783,-,A,GATAGTT
FS260,7785,-,A,AGGATAG
FS260,7788,-,A,GGCAGGA
FS260,7797,-,A,ATGATGG
FS260,7803,-,A,ACTAGGA
FS260,7806,-,A,AGGACTA
FS260,7827,-,A,CGTAGGG
FS260,7901,-,A,TTCAGTA
FS260,7913,-,A,TGTACTC
FS260,9090,-,A,TGTAGAG
FS260,9367,-,A,TATATGG
FS260,9454,-,A,ATTATCC
FS260,9501,-,A,CTCAGAA
FS260,9516,-,A,TGGAGTG
FS260,9523,-,A,GCTAGGC
FS260,9577,-,A,TTTAGCG
FS260,9586,-,A,TCTAGGG
FS260,9592,-,A,GGGACTT
FS260,9598,-,A,AGGAGTG
FS260,9601,-,A,TTTAGGA
FS260,9613,-,A,AATACGG
FS260,9616,-,A,AGTAATA
FS260,9631,-,A,GATACTC
FS260,9633,-,A,TTGATAC
FS260,9637,-,A,GTGATTG
FS260,9642,-,A,CTCAGGT
FS260,9647,-,A,GTGAGCT
FS260,9653,-,A,ACTATGG
FS260,9658,-,A,ATTAGAC
FS260,9661,-,A,TCTATTA
FS260,9682,-,A,ATTATTT
FS260,9694,-,A,AGCAGTG
FS260,9698,-,A,AATAAGC
FS260,9701,-,A,TGTAATA
FS260,9706,-,A,AAAATTG
FS260,9707,-,A,TAAAATT
FS260,9709,-,A,AGTAAAA
FS260,9712,-,A,CCCAGTA
FS260,9716,-,A,GAGACCC
FS260,9718,-,A,TAGAGAC
FS260,9720,-,A,AATAGAG
FS260,9725,-,A,GGTAAAA
FS260,9730,-,A,AGGAGGG
FS260,9733,-,A,TGTAGGA
FS260,9747,-,A,AGTACTC
FS260,9802,-,A,GCTACAA
FS260,10146,-,A,TGTAGCC
FS260,10531,-,A,TATACTA
FS260,10576,-,A,ATTATTC
FS260,11649,-,A,ACTACGA
FS260,11678,-,A,TTCAGGG
FS260,11904,-,A,ACTAGCA
FS260,11907,-,A,GTTACTA
FS260,11921,-,A,ATCAGGA
FS260,11958,-,A,AGTATGT
FS260,11961,-,A,ACTAGTA
FS260,11973,-,A,TATAGGG
FS260,11984,-,A,TGTAGAG
FS260,12354,-,A,TATAGTA
FS260,12427,-,A,ATGAGTT
FS260,12430,-,A,GGTATGA
FS260,12439,-,A,CATAATG
FS260,12443,-,A,TTTACAT
FS260,12494,-,A,AATATTG
FS260,12502,-,A,GGCACAT
FS260,12506,-,A,TCTAGGC
FS260,12532,-,A,GTCAGTT
FS260,12569,-,A,CTTAGGG
FS260,12581,-,A,TCTAGTT
FS260,12586,-,A,AGTAGTC
FS260,12599,-,A,AATATTA
FS260,12609,-,A,TACAGGG
FS260,12611,-,A,GCTACAG
FS260,12783,-,A,TATAATT
FS260,12808,-,A,ATCATCA
FS260,12854,-,A,TATAGGA
FS260,12856,-,A,TGTATAG
FS260,12908,-,A,TGTAGGA
FS260,12913,-,A,TGGAGTG
FS260,12919,-,A,ATGAGTT
FS260,12938,-,A,GCTATTT
FS260,12947,-,A,TTTAGAA
FS260,12954,-,A,ATTAGCG
FS260,12974,-,A,AGTAGTG
FS260,12977,-,A,CCTAGTA
FS260,12989,-,A,GCTAGGA
FS260,13073,-,A,AGTAGGG
FS260,13089,-,A,TATAGTG
FS260,13097,-,A,GCTACAA
FS260,13112,-,A,AGTAAGA
FS260,13169,-,A,CATAGTG
FS260,14734,-,A,TGTAGTT
FS260,14757,-,A,CGTATTG
FS260,14775,-,A,ATTAGGG
FS260,14778,-,A,TTTATTA
FS260,14784,-,A,ATTAATT
FS260,14787,-,A,TTAATTA
FS260,14795,-,A,ATGAGTG
FS260,14798,-,A,TGAATGA
FS260,14826,-,A,GAGATGT
FS260,14828,-,A,CGGAGAT
FS260,14834,-,A,ATCATGC
FS260,14837,-,A,TTCATCA
FS260,14849,-,A,GTGAGCC
FS260,14853,-,A,AGGAGTG
FS260,14864,-,A,GGCAGGC
FS260,14868,-,A,ATCAGGC
FS260,14880,-,A,GTGATTT
FS260,14892,-,A,AATAGTC
FS260,14898,-,A,GCTAGGA
FS260,14904,-,A,TGCATGG
FS260,14909,-,A,AGTAGTG
FS260,14912,-,A,GTGAGTA
FS260,14924,-,A,TTGAGGC
FS260,15033,-,A,TGTAGGA
FS260,15255,-,A,TCTACTG
FS260,15416,-,A,TGTAGTA
FS260,15578,-,A,TGTAGGC
FS260,15755,-,A,TTCAGGT
FS260,15816,-,A,TATAGTA
FS260,16154,-,A,ACTACAG
FS260,16157,-,A,TGTACTA
FS260,16199,-,A,TGTAAGC
FS260,16209,-,A,TGTACTT
FS260,16217,-,A,TTGATTG
FS260,16224,-,A,TTGAGGG
FS260,16229,-,A,GATAGTT
FS260,16231,-,A,GTGATAG
FS260,16238,-,A,TTGATGT
FS260,16243,-,A,TGCAGTT
FS260,16249,-,A,TGGAGTT
FS260,16263,-,A,GTGAGGG
FS260,16271,-,A,CCTAGTG
FS260,16276,-,A,GGTATCC
FS260,16288,-,A,GGTAGGT
FS260,16297,-,A,TTAAGGG
FS260,16298,-,A,GTTAAGG
FS260,16304,-,A,TGTACTG
FS260,16308,-,A,ACTATGT
FS260,16311,-,A,TGTACTA
FS260,16315,-,A,TTTATGT
FS260,16323,-,A,TAAATGG
FS260,16324,-,A,GTAAATG
FS260,16325,-,A,GGTAAAT
FS260,16330,-,A,TGTACGG
FS260,16334,-,A,GCTATGT
FS260,16341,-,A,GTAATGT
FS260,16342,-,A,TGTAATG
FS260,16347,-,A,TTGACTG
FS260,16352,-,A,GGGATTT
FS260,16356,-,A,AGAAGGG
FS260,16357,-,A,GAGAAGG
FS260,16359,-,A,ACGAGAA
FS260,16362,-,A,GGGACGA
FS260,16368,-,A,TCCATGG
FS260,16372,-,A,GTCATCC
FS260,16381,-,A,CTGAGGG
FS260,16386,-,A,CCTATCT
FS260,16392,-,A,GGGACCC
FS260,16396,-,A,TCAAGGG
FS260,16397,-,A,GTCAAGG
FS260,16406,-,A,AGGATGG
FS260,16409,-,A,CGGAGGA
FS260,16413,-,A,TTCACGG
FS260,16418,-,A,TTGATTT
FS260,16422,-,A,GATATTG
FS260,16424,-,A,GGGATAT
FS260,16437,-,A,AGCACTC
FS260,16440,-,A,AGTAGCA
FS260,16443,-,A,GAGAGTA
FS260,16445,-,A,AGGAGAG
FS260,16448,-,A,GCGAGGA
FS260,16452,-,A,CGGAGCG
FS260,16564,+,A,ATCACGA
FS261,489,-,A,TGTATTG
FS261,1180,-,A,AGCACCG
FS261,1187,-,A,GATATGA
FS261,1195,-,A,TCTAGAG
FS261,1219,-,A,TTTATCG
FS261,1507,+,A,TATACTT
FS261,2360,-,A,TTCAGTG
FS261,3174,-,A,TTTACGG
FS261,3178,-,A,ATCATTT
FS261,3200,-,A,TATAATA
FS261,3202,-,A,GGTATAA
FS261,3231,-,A,TTAACAA
FS261,3237,-,A,GCCATCT
FS261,3250,-,A,ATTACCG
FS261,3253,-,A,GCGATTA
FS261,3258,-,A,TTTATGC
FS261,3264,-,A,TTAAGTT
FS261,3265,-,A,TTTAAGT
FS261,3271,-,A,TAAAGTT
FS261,3273,-,A,TGTAAAG
FS261,3278,-,A,CTGACTG
FS261,3285,-,A,TGAACCT
FS261,3290,-,A,GGAATTG
FS261,3306,-,G,TATGTTG
FS261,3308,-,A,GGTATGT
FS261,3314,-,A,GCCATGG
FS261,3323,-,A,AGGAGGT
FS261,3326,-,A,AGTAGGA
FS261,3329,-,A,AGGAGTA
FS261,3332,-,A,ATGAGGA
FS261,3336,-,A,TACAATG
FS261,3338,-,A,GGTACAA
FS261,3347,-,A,ATTAGAA
FS261,3389,-,A,CCTAGAA
FS261,3394,-,A,TATAGCC
FS261,3396,-,A,TATATAG
FS261,3398,-,A,TGTATAT
FS261,3404,-,A,CGTAGTT
FS261,3425,-,A,CCTACAA
FS261,3440,-,A,AGTAGCC
FS261,3443,-,A,TGTAGTA
FS261,3464,-,A,TTTATGG
FS261,3713,-,A,GCTACTG
FS261,3725,-,A,GAGATTG
FS261,3727,-,A,ATGAGAT
FS261,3732,-,A,TTCATAT
FS261,3737,-,A,GTGACTT
FS261,3743,-,A,GCTAGGG
FS261,3749,-,A,ATGATGG
FS261,3752,-,A,AGAATGA
FS261,3755,-,A,AGTAGAA
FS261,3758,-,A,GATAGTA
FS261,3760,-,A,TTGATAG
FS261,3767,-,A,AGTAATG
FS261,4303,-,A,ATTATTT
FS261,4703,-,A,TATATTG
FS261,4719,-,A,TTCATTG
FS261,4733,-,A,AGTATTG
FS261,4746,-,A,AGTATTG
FS261,4759,-,A,ATTATTA
FS261,4772,-,A,TATAGCT
FS261,5238,-,G,TTAGCGG
FS261,5239,-,A,GTTAGCG
FS261,5277,-,A,TGAATTC
FS261,5291,-,A,GCTATTG
FS261,5296,-,A,ATGAGGC
FS261,5314,-,A,GCTATGA
FS261,5323,-,A,GTGATGG
FS261,5332,-,A,TTAAGGA
FS261,5808,-,A,TTCATAT
FS261,6210,-,A,GTCAGAA
FS261,6214,-,A,AAGAGTC
FS261,6215,-,G,TAAGAGT
FS261,6216,-,A,GTAAGAG
FS261,6221,-,A,GGGAGGT
FS261,6227,-,A,GAGAGAG
FS261,6229,-,A,AGGAGAG
FS261,6230,-,G,TAGGAGA
FS261,6232,-,A,AGTAGGA
FS261,6235,-,A,AGGAGTA
FS261,6238,-,A,AGCAGGA
FS261,6246,-,A,CAGATGC
FS261,6248,-,A,AGCAGAT
FS261,6250,-,G,ATAGCAG
FS261,6251,-,A,TATAGCA
FS261,6253,-,A,ACTATAG
FS261,6256,-,A,TCCACTA
FS261,6278,-,A,TCAACCT
FS261,6279,-,A,TTCAACC
FS261,6286,-,A,TAGACTG
FS261,6309,-,A,AGTAGTT
FS261,6331,-,A,TCTACGG
FS261,7165,-,A,TTTACGC
FS261,7767,-,A,TCTATTT
FS261,7776,-,A,CAGACGG
FS261,7778,-,A,TTCAGAC
FS261,7782,-,G,ATAGTTC
FS261,7783,-,A,GATAGTT
FS261,7785,-,A,AGGATAG
FS261,7788,-,A,GGCAGGA
FS261,7797,-,A,ATGATGG
FS261,7800,-,A,AGGATGA
FS261,7803,-,A,ACTAGGA
FS261,7806,-,A,AGGACTA
FS261,7809,-,A,ATGAGGA
FS261,7812,-,A,GCGATGA
FS261,7854,-,A,TTGACCT
FS261,7861,-,A,GGGATCG
FS261,7868,-,G,TAAGGGA
FS261,7870,-,A,GGTAAGG
FS261,7880,-,A,TTGATTT
FS261,7884,-,A,CCAATTG
FS261,7885,-,A,GCCAATT
FS261,7898,-,A,AGTACCA
FS261,7901,-,A,TTCAGTA
FS261,7913,-,A,TGTACTC
FS261,9367,-,A,TATATGG
FS261,9577,-,A,TTTAGCG
FS261,9586,-,A,TCTAGGG
FS261,9601,-,A,TTTAGGA
FS261,9613,-,A,AATACGG
FS261,9616,-,A,AGTAATA
FS261,9633,-,A,TTGATAC
FS261,9637,-,A,GTGATTG
FS261,9642,-,A,CTCAGGT
FS261,9661,-,A,TCTATTA
FS261,9706,-,A,AAAATTG
FS261,9707,-,A,TAAAATT
FS261,9709,-,A,AGTAAAA
FS261,9712,-,A,CCCAGTA
FS261,9716,-,A,GAGACCC
FS261,9718,-,A,TAGAGAC
FS261,9720,-,A,AATAGAG
FS261,9722,-,A,AAAATAG
FS261,9723,-,A,TAAAATA
FS261,9725,-,A,GGTAAAA
FS261,9730,-,A,AGGAGGG
FS261,9733,-,A,TGTAGGA
FS261,9747,-,A,AGTACTC
FS261,9756,-,A,GAGACTC
FS261,9758,-,A,GGGAGAC
FS261,9781,-,A,TAGATGC
FS261,9783,-,A,CGTAGAT
FS261,9789,-,A,TTGAGCC
FS261,9802,-,A,GCTACAA
FS261,9840,-,A,TTGAGCC
FS261,9940,-,A,TCTACAA
FS261,10601,-,A,AGTAGCT
FS261,10738,-,A,TGTACGT
FS261,11103,-,A,ATTAGTT
FS261,11114,-,A,TATAAAA
FS261,11116,-,A,GATATAA
FS261,11649,-,A,ACTACGA
FS261,11958,-,A,AGTATGT
FS261,11961,-,A,ACTAGTA
FS261,11973,-,A,TATAGGG
FS261,11984,-,A,TGTAGAG
FS261,12611,-,A,GCTACAG
FS261,12699,+,A,TCTACTC
FS261,12989,-,A,GCTAGGA
FS261,13006,-,A,CTGATTT
FS261,13016,-,A,CCTAATT
FS261,13030,-,A,GTCAGGG
FS261,13089,-,A,TATAGTG
FS261,13112,-,A,AGTAAGA
FS261,13567,+,A,TCTATTA
FS261,13685,-,A,AGTAGGG
FS261,13688,-,A,TTTAGTA
FS261,14909,-,A,AGTAGTG
FS261,14911,-,G,TGAGTAG
FS261,14912,-,A,GTGAGTA
FS261,15774,-,A,CTTACTG
FS261,15804,-,A,GCTACTT
FS261,15813,-,A,AGTACGG
FS261,15816,-,A,TATAGTA
FS261,15818,-,A,AGTATAG
FS261,15831,-,A,AGGATTG
FS261,15834,-,A,ATTAGGA
FS261,15840,-,A,ATTAGGA
FS261,16126,-,A,CGTACAA
FS261,16131,-,A,GGTACCG
FS261,16143,-,A,TCAAGTA
FS261,16154,-,A,ACTACAG
FS261,16157,-,A,TGTACTA
FS261,16172,-,A,TGGATTG
FS261,16209,-,A,TGTACTT
FS261,16217,-,A,TTGATTG
FS261,16238,-,A,TTGATGT
FS261,16243,-,A,TGCAGTT
FS261,16249,-,A,TGGAGTT
FS261,16263,-,A,GTGAGGG
FS261,16271,-,A,CCTAGTG
FS261,16276,-,A,GGTATCC
FS261,16288,-,A,GGTAGGT
FS261,16290,-,G,TGGGTAG
FS261,16297,-,A,TTAAGGG
FS261,16298,-,A,GTTAAGG
FS261,16304,-,A,TGTACTG
FS261,16308,-,A,ACTATGT
FS261,16311,-,A,TGTACTA
FS261,16315,-,A,TTTATGT
FS261,16323,-,A,TAAATGG
FS261,16325,-,A,GGTAAAT
FS261,16328,-,G,TACGGTA
FS261,16330,-,A,TGTACGG
FS261,16332,-,G,TATGTAC
FS261,16334,-,A,GCTATGT
FS261,16341,-,A,GTAATGT
FS261,16342,-,A,TGTAATG
FS261,16347,-,A,TTGACTG
FS261,16348,-,G,TTTGACT
FS261,16352,-,A,GGGATTT
FS261,16359,-,A,ACGAGAA
FS261,16362,-,A,GGGACGA
FS261,16364,-,G,TGGGGAC
FS261,16368,-,A,TCCATGG
FS261,16372,-,A,GTCATCC
FS261,16376,-,G,GGGGGTC
FS261,16381,-,A,CTGAGGG
FS261,16386,-,A,CCTATCT
FS261,16392,-,A,GGGACCC
FS261,16397,-,A,GTCAAGG
FS261,16406,-,A,AGGATGG
FS261,16413,-,A,TTCACGG
FS261,16418,-,A,TTGATTT
FS261,16422,-,A,GATATTG
FS262,471,-,A,AGTATGG
FS262,474,-,A,AGTAGTA
FS262,477,-,A,ATTAGTA
FS262,489,-,A,TGTATTG
FS262,507,-,A,GGTAGGA
FS262,531,-,A,GTTAGCA
FS262,727,-,A,TAGAGGG
FS262,729,-,A,TTTAGAG
FS262,733,-,A,GTGATTT
FS262,742,-,A,TTGATCG
FS262,758,-,A,TTGATGC
FS262,773,-,A,TGCATTG
FS262,794,-,A,GCTAGGC
FS262,993,+,A,TGTAAAA
FS262,1089,-,A,CATAGTG
FS262,1101,-,A,TTTAGGG
FS262,1115,-,A,TTTAACT
FS262,1119,-,A,TTGATTT
FS262,1129,-,A,AGCAGTT
FS262,1144,-,A,CGTAGTG
FS262,1164,-,A,TTGAGTT
FS262,1174,-,A,GCCAGGT
FS262,1180,-,A,AGCACCG
FS262,1183,-,A,TGAAGCA
FS262,1187,-,A,GATATGA
FS262,1189,-,A,GGGATAT
FS262,1193,-,A,TAGAGGG
FS262,1195,-,A,TCTAGAG
FS262,1210,-,A,TACAGAA
FS262,1212,-,A,ATTACAG
FS262,1215,-,A,TCGATTA
FS262,1219,-,A,TTTATCG
FS262,1507,+,A,TATACTT
FS262,2305,-,A,TATACTA
FS262,2360,-,A,TTCAGTG
FS262,2387,-,A,TGTAGAT
FS262,2392,-,A,TTGATTG
FS262,2760,+,A,AGTACCT
FS262,2784,+,A,TAAACTA
FS262,2851,+,A,AGTACAT
FS262,3197,-,A,AATACTA
FS262,3200,-,A,TATAATA
FS262,3202,-,A,GGTATAA
FS262,3231,-,A,TTAACAA
FS262,3237,-,A,GCCATCT
FS262,3250,-,A,ATTACCG
FS262,3253,-,A,GCGATTA
FS262,3258,-,A,TTTATGC
FS262,3264,-,A,TTAAGTT
FS262,3265,-,A,TTTAAGT
FS262,3271,-,A,TAAAGTT
FS262,3273,-,A,TGTAAAG
FS262,3278,-,A,CTGACTG
FS262,3285,-,A,TGAACCT
FS262,3299,-,A,TTAAGAA
FS262,3308,-,A,GGTATGT
FS262,3314,-,A,GCCATGG
FS262,3323,-,A,AGGAGGT
FS262,3326,-,A,AGTAGGA
FS262,3329,-,A,AGGAGTA
FS262,3336,-,A,TACAATG
FS262,3338,-,A,GGTACAA
FS262,3396,-,A,TATATAG
FS262,3398,-,A,TGTATAT
FS262,3713,-,A,GCTACTG
FS262,3732,-,A,TTCATAT
FS262,3743,-,A,GCTAGGG
FS262,4069,-,A,TGTAGAG
FS262,4294,-,A,TCTATCA
FS262,4299,-,A,TTTACTC
FS262,4303,-,A,ATTATTT
FS262,4306,-,A,CCTATTA
FS262,4703,-,A,TATATTG
FS262,4705,-,A,AGTATAT
FS262,4719,-,A,TTCATTG
FS262,4733,-,A,AGTATTG
FS262,4746,-,A,AGTATTG
FS262,4759,-,A,ATTATTA
FS262,4772,-,A,TATAGCT
FS262,4780,-,A,TTTATTG
FS262,5291,-,A,GCTATTG
FS262,5314,-,A,GCTATGA
FS262,5407,-,A,TTTATTT
FS262,5473,-,A,AGTAGCG
FS262,6193,-,A,TTTATGC
FS262,6210,-,A,GTCAGAA
FS262,6214,-,A,AAGAGTC
FS262,6215,-,G,TAAGAGT
FS262,6216,-,A,GTAAGAG
FS262,6221,-,A,GGGAGGT
FS262,6227,-,A,GAGAGAG
FS262,6229,-,A,AGGAGAG
FS262,6232,-,A,AGTAGGA
FS262,6235,-,A,AGGAGTA
FS262,6238,-,A,AGCAGGA
FS262,6246,-,A,CAGATGC
FS262,6248,-,A,AGCAGAT
FS262,6251,-,A,TATAGCA
FS262,6253,-,A,ACTATAG
FS262,6256,-,A,TCCACTA
FS262,6286,-,A,TAGACTG
FS262,6309,-,A,AGTAGTT
FS262,7087,+,A,TTCACTG
FS262,7165,-,A,TTTACGC
FS262,7621,-,A,AGTAGCG
FS262,7695,-,A,ACTAGGA
FS262,7738,-,A,ATTAGTT
FS262,7741,-,A,AGTATTA
FS262,7759,-,A,CTGAGCG
FS262,7767,-,A,TCTATTT
FS262,7776,-,A,CAGACGG
FS262,7778,-,A,TTCAGAC
FS262,7783,-,A,GATAGTT
FS262,7785,-,A,AGGATAG
FS262,7788,-,A,GGCAGGA
FS262,7797,-,A,ATGATGG
FS262,7800,-,A,AGGATGA
FS262,7803,-,A,ACTAGGA
FS262,7806,-,A,AGGACTA
FS262,7809,-,A,ATGAGGA
FS262,7812,-,A,GCGATGA
FS262,7827,-,A,CGTAGGG
FS262,7901,-,A,TTCAGTA
FS262,9367,-,A,TATATGG
FS262,9577,-,A,TTTAGCG
FS262,9586,-,A,TCTAGGG
FS262,9592,-,A,GGGACTT
FS262,9598,-,A,AGGAGTG
FS262,9601,-,A,TTTAGGA
FS262,9613,-,A,AATACGG
FS262,9616,-,A,AGTAATA
FS262,9631,-,A,GATACTC
FS262,9633,-,A,TTGATAC
FS262,9637,-,A,GTGATTG
FS262,9642,-,A,CTCAGGT
FS262,9647,-,A,GTGAGCT
FS262,9653,-,A,ACTATGG
FS262,9656,-,A,TAGACTA
FS262,9658,-,A,ATTAGAC
FS262,9661,-,A,TCTATTA
FS262,9701,-,A,TGTAATA
FS262,9706,-,A,AAAATTG
FS262,9707,-,A,TAAAATT
FS262,9709,-,A,AGTAAAA
FS262,9712,-,A,CCCAGTA
FS262,9716,-,A,GAGACCC
FS262,9718,-,A,TAGAGAC
FS262,9720,-,A,AATAGAG
FS262,9722,-,A,AAAATAG
FS262,9723,-,A,TAAAATA
FS262,9724,-,A,GTAAAAT
FS262,9725,-,A,GGTAAAA
FS262,9730,-,A,AGGAGGG
FS262,9731,-,G,TAGGAGG
FS262,9733,-,A,TGTAGGA
FS262,9741,-,A,CTGAGGC
FS262,9747,-,A,AGTACTC
FS262,9756,-,A,GAGACTC
FS262,9758,-,A,GGGAGAC
FS262,9762,-,A,TGAAGGG
FS262,9781,-,A,TAGATGC
FS262,9783,-,A,CGTAGAT
FS262,9789,-,A,TTGAGCC
FS262,9802,-,A,GCTACAA
FS262,9840,-,A,TTGAGCC
FS262,9940,-,A,TCTACAA
FS262,10146,-,A,TGTAGCC
FS262,10615,-,A,TTGAGGG
FS262,10738,-,A,TGTACGT
FS262,11114,-,A,TATAAAA
FS262,11904,-,A,ACTAGCA
FS262,11958,-,A,AGTATGT
FS262,11961,-,A,ACTAGTA
FS262,11973,-,A,TATAGGG
FS262,11975,-,A,AGTATAG
FS262,11984,-,A,TGTAGAG
FS262,12581,-,A,TCTAGTT
FS262,12586,-,A,AGTAGTC
FS262,12599,-,A,AATATTA
FS262,12601,-,A,TGAATAT
FS262,12605,-,A,GGGATGA
FS262,12609,-,A,TACAGGG
FS262,12611,-,A,GCTACAG
FS262,12699,+,A,TCTACTC
FS262,12983,-,A,AGGAGGC
FS262,12986,-,A,AGGAGGA
FS262,12989,-,A,GCTAGGA
FS262,13006,-,A,CTGATTT
FS262,13015,-,A,CTAATTG
FS262,13016,-,A,CCTAATT
FS262,13020,-,A,GAGACCT
FS262,13022,-,A,TGGAGAC
FS262,13030,-,A,GTCAGGG
FS262,13277,-,A,ACTATTA
FS262,13324,-,A,TACAGAT
FS262,13326,-,A,GGTACAG
FS262,13349,-,A,AGTATGG
FS262,13360,-,A,AGCACAT
FS262,13392,-,A,TTCATTG
FS262,13421,-,A,AGTAGTC
FS262,13567,+,A,TCTATTA
FS262,13685,-,A,AGTAGGG
FS262,13688,-,A,TTTAGTA
FS262,13698,-,A,TTTAATG
FS262,13994,-,A,TCTAGGA
FS262,14689,-,A,TGTAGTC
FS262,14734,-,A,TGTAGTT
FS262,14909,-,A,AGTAGTG
FS262,15578,-,A,TGTAGGC
FS262,15816,-,A,TATAGTA
FS262,16126,-,A,CGTACAA
FS262,16131,-,A,GGTACCG
FS262,16143,-,A,TCAAGTA
FS262,16154,-,A,ACTACAG
FS262,16157,-,A,TGTACTA
FS262,16172,-,A,TGGATTG
FS262,16199,-,A,TGTAAGC
FS262,16209,-,A,TGTACTT
FS262,16217,-,A,TTGATTG
FS262,16229,-,A,GATAGTT
FS262,16231,-,A,GTGATAG
FS262,16238,-,A,TTGATGT
FS262,16243,-,A,TGCAGTT
FS262,16249,-,A,TGGAGTT
FS262,16263,-,A,GTGAGGG
FS262,16271,-,A,CCTAGTG
FS262,16276,-,A,GGTATCC
FS262,16288,-,A,GGTAGGT
FS262,16297,-,A,TTAAGGG
FS262,16298,-,A,GTTAAGG
FS262,16304,-,A,TGTACTG
FS262,16308,-,A,ACTATGT
FS262,16311,-,A,TGTACTA
FS262,16315,-,A,TTTATGT
FS262,16323,-,A,TAAATGG
FS262,16325,-,A,GGTAAAT
FS262,16330,-,A,TGTACGG
FS262,16334,-,A,GCTATGT
FS262,16341,-,A,GTAATGT
FS262,16342,-,A,TGTAATG
FS262,16347,-,A,TTGACTG
FS262,16352,-,A,GGGATTT
FS262,16359,-,A,ACGAGAA
FS262,16362,-,A,GGGACGA
FS262,16368,-,A,TCCATGG
FS262,16372,-,A,GTCATCC
FS262,16386,-,A,CCTATCT
FS262,16392,-,A,GGGACCC
FS262,16413,-,A,TTCACGG
FS263,727,-,A,TAGAGGG
FS263,729,-,A,TTTAGAG
FS263,733,-,A,GTGATTT
FS263,742,-,A,TTGATCG
FS263,758,-,A,TTGATGC
FS263,773,-,A,TGCATTG
FS263,779,-,A,TTGAGCT
FS263,794,-,A,GCTAGGC
FS263,859,-,A,TATAGCT
FS263,955,+,A,ATCACCC
FS263,993,+,A,TGTAAAA
FS263,1089,-,A,CATAGTG
FS263,1129,-,A,AGCAGTT
FS263,1144,-,A,CGTAGTG
FS263,1164,-,A,TTGAGTT
FS263,1174,-,A,GCCAGGT
FS263,1180,-,A,AGCACCG
FS263,1183,-,A,TGAAGCA
FS263,1187,-,A,GATATGA
FS263,1189,-,A,GGGATAT
FS263,1193,-,A,TAGAGGG
FS263,1195,-,A,TCTAGAG
FS263,1205,-,A,AACAGGC
FS263,1207,-,A,AGAACAG
FS263,1210,-,A,TACAGAA
FS263,1212,-,A,ATTACAG
FS263,1215,-,A,TCGATTA
FS263,1219,-,A,TTTATCG
FS263,1229,-,A,TTGATCG
FS263,1255,-,A,TATAGGC
FS263,1257,-,A,TATATAG
FS263,1316,-,A,TTTACGT
FS263,1427,+,A,TTTAGCA
FS263,1435,+,A,TAAACTA
FS263,1439,+,A,CTAAGAG
FS263,1480,+,A,TACACAC
FS263,1507,+,A,TATACTT
FS263,1731,+,A,TTTACCC
FS263,1744,+,A,AGTATAG
FS263,1746,+,A,TATAGGC
FS263,1775,+,A,AATAGAT
FS263,1777,+,A,TAGATAT
FS263,1779,+,A,GATATAG
FS263,1781,+,A,TATAGTA
FS263,1784,+,A,AGTACCG
FS263,1789,+,A,CGCAAGG
FS263,1804,+,A,AAAAATT
FS263,1810,+,A,TATAACC
FS263,1811,+,A,ATAACCA
FS263,1814,+,A,ACCAAGC
FS263,1820,+,A,CATAATA
FS263,1835,+,A,ACTAACC
FS263,1844,+,A,TATACCT
FS263,2297,+,A,ACTAATG
FS263,2308,+,A,TATAAGT
FS263,2338,+,A,ATAAGCC
FS263,2348,+,A,GTCAGAT
FS263,2353,+,A,ATTAAAA
FS263,2356,+,A,AAAACAC
FS263,2358,+,A,AACACTG
FS263,2360,-,A,TTCAGTG
FS263,2363,+,A,TGAACTG
FS263,2367,+,A,CTGACAA
FS263,2371,-,A,TTAATTG
FS263,2376,+,A,AACAGCC
FS263,2384,+,A,AATATCT
FS263,2387,-,A,TGTAGAT
FS263,2388,+,A,TCTACAA
FS263,2392,-,A,TTGATTG
FS263,2784,+,A,TAAACTA
FS263,2798,+,A,TGCATTA
FS263,2851,+,A,AGTACAT
FS263,3200,-,A,TATAATA
FS263,3202,-,A,GGTATAA
FS263,3231,-,A,TTAACAA
FS263,3237,-,A,GCCATCT
FS263,3250,-,A,ATTACCG
FS263,3258,-,A,TTTATGC
FS263,3264,-,A,TTAAGTT
FS263,3265,-,A,TTTAAGT
FS263,3271,-,A,TAAAGTT
FS263,3273,-,A,TGTAAAG
FS263,3285,-,A,TGAACCT
FS263,3308,-,A,GGTATGT
FS263,3314,-,A,GCCATGG
FS263,3323,-,A,AGGAGGT
FS263,3326,-,A,AGTAGGA
FS263,3329,-,A,AGGAGTA
FS263,3332,-,A,ATGAGGA
FS263,3336,-,A,TACAATG
FS263,3338,-,A,GGTACAA
FS263,3347,-,A,ATTAGAA
FS263,3365,-,A,ATTAGGA
FS263,3389,-,A,CCTAGAA
FS263,3394,-,A,TATAGCC
FS263,3396,-,A,TATATAG
FS263,3398,-,A,TGTATAT
FS263,4268,-,A,CATATTT
FS263,4294,-,A,TCTATCA
FS263,4303,-,A,ATTATTT
FS263,4703,-,A,TATATTG
FS263,4733,-,A,AGTATTG
FS263,4746,-,A,AGTATTG
FS263,4759,-,A,ATTATTA
FS263,4772,-,A,TATAGCT
FS263,4780,-,A,TTTATTG
FS263,5347,+,A,TCTACCT
FS263,5351,+,A,CCTACGC
FS263,5362,+,A,TCTACTC
FS263,5367,+,A,TCCACCT
FS263,5806,-,A,CATATTG
FS263,5808,-,A,TTCATAT
FS263,5814,-,A,GTGATTT
FS263,6210,-,A,GTCAGAA
FS263,6229,-,A,AGGAGAG
FS263,6232,-,A,AGTAGGA
FS263,6235,-,A,AGGAGTA
FS263,6238,-,A,AGCAGGA
FS263,6248,-,A,AGCAGAT
FS263,6251,-,A,TATAGCA
FS263,6253,-,A,ACTATAG
FS263,6309,-,A,AGTAGTT
FS263,6474,+,A,ATCACAG
FS263,6799,-,A,TCTACGT
FS263,6974,+,A,TGTATTA
FS263,6977,+,A,ATTAGCA
FS263,7004,+,A,ACTACAC
FS263,7006,+,A,TACACGA
FS263,7018,+,A,ACTACGT
FS263,7030,+,A,CCCACTT
FS263,7036,+,A,TCCACTA
FS263,7039,+,A,ACTATGT
FS263,7046,+,A,CCTATCA
FS263,7049,+,A,ATCAATA
FS263,7052,+,A,AATAGGA
FS263,7061,+,A,TGTATTT
FS263,7073,+,A,CATAGGA
FS263,7076,+,A,AGGAGGC
FS263,7083,+,A,TTCATTC
FS263,7087,+,A,TTCACTG
FS263,7091,+,A,CTGATTT
FS263,7111,+,A,GCTACAC
FS263,7113,+,A,TACACCC
FS263,7118,+,A,CCTAGAC
FS263,7129,+,A,CCTACGC
FS263,7146,+,A,TTCACTA
FS263,7149,+,A,ACTATCA
FS263,7152,+,A,ATCATAT
FS263,7154,+,A,CATATTC
FS263,7158,+,A,TTCATCG
FS263,7165,-,A,TTTACGC
FS263,7202,+,A,CCTATCC
FS263,7231,+,A,ACTACCC
FS263,7621,-,A,AGTAGCG
FS263,7695,-,A,ACTAGGA
FS263,7734,-,A,GTTAGTT
FS263,7738,-,A,ATTAGTT
FS263,7741,-,A,AGTATTA
FS263,7744,-,A,GTTAGTA
FS263,7759,-,A,CTGAGCG
FS263,7767,-,A,TCTATTT
FS263,7778,-,A,TTCAGAC
FS263,7783,-,A,GATAGTT
FS263,7785,-,A,AGGATAG
FS263,7788,-,A,GGCAGGA
FS263,7797,-,A,ATGATGG
FS263,7803,-,A,ACTAGGA
FS263,7806,-,A,AGGACTA
FS263,7809,-,A,ATGAGGA
FS263,7812,-,A,GCGATGA
FS263,7827,-,A,CGTAGGG
FS263,7836,-,A,TAAAGGA
FS263,7869,-,A,GTAAGGG
FS263,7870,-,A,GGTAAGG
FS263,7880,-,A,TTGATTT
FS263,7898,-,A,AGTACCA
FS263,7901,-,A,TTCAGTA
FS263,8301,+,A,TGTAAAG
FS263,9367,-,A,TATATGG
FS263,9375,-,A,ATCATTG
FS263,9601,-,A,TTTAGGA
FS263,9642,-,A,CTCAGGT
FS263,9661,-,A,TCTATTA
FS263,9709,-,A,AGTAAAA
FS263,9712,-,A,CCCAGTA
FS263,9718,-,A,TAGAGAC
FS263,9720,-,A,AATAGAG
FS263,9725,-,A,GGTAAAA
FS263,9730,-,A,AGGAGGG
FS263,9733,-,A,TGTAGGA
FS263,9741,-,A,CTGAGGC
FS263,9747,-,A,AGTACTC
FS263,9762,-,A,TGAAGGG
FS263,9781,-,A,TAGATGC
FS263,9783,-,A,CGTAGAT
FS263,9789,-,A,TTGAGCC
FS263,9802,-,A,GCTACAA
FS263,10738,-,A,TGTACGT
FS263,11114,-,A,TATAAAA
FS263,11772,+,A,CTCACAG
FS263,11783,+,A,ATCATAA
FS263,11842,+,A,TCTAGCA
FS263,11958,-,A,AGTATGT
FS263,11961,-,A,ACTAGTA
FS263,11984,-,A,TGTAGAG
FS263,12802,+,A,ATCAGTT
FS263,12983,-,A,AGGAGGC
FS263,12989,-,A,GCTAGGA
FS263,13016,-,A,CCTAATT
FS263,13030,-,A,GTCAGGG
FS263,13089,-,A,TATAGTG
FS263,13098,+,A,TGTAGCA
FS263,13117,+,A,CTCATCC
FS263,13127,+,A,TCCACCC
FS263,13134,+,A,CCTAGCA
FS263,13137,+,A,AGCAGAA
FS263,13142,+,A,AAAATAG
FS263,13144,+,A,AATAGCC
FS263,13149,+,A,CCCACTA
FS263,13152,+,A,ACTAATC
FS263,13164,+,A,TCTAACA
FS263,13165,+,A,CTAACAC
FS263,13176,+,A,CTTAGGC
FS263,13183,+,A,GCTATCA
FS263,13186,+,A,ATCACCA
FS263,13189,+,A,ACCACTC
FS263,13422,+,A,ACTACTC
FS263,13434,+,A,CATACCT
FS263,13470,+,A,CCTAGCA
FS263,13476,+,A,ATTAGCA
FS263,13485,+,A,AATACCT
FS263,13495,+,A,CTCACAG
FS263,13497,+,A,CACAGGT
FS263,13505,+,A,TCTACTC
FS263,13517,+,A,ACCACAT
FS263,13522,+,A,ATCATCG
FS263,13542,+,A,ATCATAC
FS263,13544,+,A,CATACAC
FS263,13563,+,A,CCTATCT
FS263,13567,+,A,TCTATTA
FS263,14734,-,A,TGTAGTT
FS263,14909,-,A,AGTAGTG
FS263,14912,-,A,GTGAGTA
FS263,15076,+,A,CTCAGAA
FS263,15705,-,A,CTTAGTG
FS263,15755,-,A,TTCAGGT
FS263,15816,-,A,TATAGTA
FS263,15840,-,A,ATTAGGA
FS263,15951,+,A,AGGACAA
FS263,15958,+,A,ATCAGAG
FS263,15985,+,A,ATTAGCA
FS263,15988,+,A,AGCACCC
FS263,16154,-,A,ACTACAG
FS263,16157,-,A,TGTACTA
FS263,16235,+,A,CACACAT
FS263,16243,-,A,TGCAGTT
FS263,16263,-,A,GTGAGGG
FS263,16271,-,A,CCTAGTG
FS263,16276,-,A,GGTATCC
FS263,16288,-,A,GGTAGGT
FS263,16297,-,A,TTAAGGG
FS263,16298,-,A,GTTAAGG
FS263,16304,-,A,TGTACTG
FS263,16308,-,A,ACTATGT
FS263,16311,-,A,TGTACTA
FS263,16315,-,A,TTTATGT
FS263,16323,-,A,TAAATGG
FS263,16325,-,A,GGTAAAT
FS263,16330,-,A,TGTACGG
FS263,16334,-,A,GCTATGT
FS263,16341,-,A,GTAATGT
FS263,16342,-,A,TGTAATG
FS263,16347,-,A,TTGACTG
FS263,16352,-,A,GGGATTT
FS263,16362,-,A,GGGACGA
FS263,16368,-,A,TCCATGG
FS263,16372,-,A,GTCATCC
FS263,16386,-,A,CCTATCT
FS263,16402,+,A,ACCACCA
FS263,16413,-,A,TTCACGG
FS263,16492,+,A,TGTATCC
FS263,16515,+,A,TTCAGGG
FS263,16521,+,A,GTCATAA
FS263,16534,+,A,AATAGCC
FS263,16539,+,A,CCCACAC
FS264,727,-,A,TAGAGGG
FS264,729,-,A,TTTAGAG
FS264,733,-,A,GTGATTT
FS264,794,-,A,GCTAGGC
FS264,1089,-,A,CATAGTG
FS264,1129,-,A,AGCAGTT
FS264,1144,-,A,CGTAGTG
FS264,1164,-,A,TTGAGTT
FS264,1174,-,A,GCCAGGT
FS264,1180,-,A,AGCACCG
FS264,1183,-,A,TGAAGCA
FS264,1187,-,A,GATATGA
FS264,1189,-,A,GGGATAT
FS264,1193,-,A,TAGAGGG
FS264,1195,-,A,TCTAGAG
FS264,1210,-,A,TACAGAA
FS264,1212,-,A,ATTACAG
FS264,1219,-,A,TTTATCG
FS264,1257,-,A,TATATAG
FS264,1507,+,A,TATACTT
FS264,1746,+,A,TATAGGC
FS264,1775,+,A,AATAGAT
FS264,1777,+,A,TAGATAT
FS264,1781,+,A,TATAGTA
FS264,1784,+,A,AGTACCG
FS264,1810,+,A,TATAACC
FS264,1811,+,A,ATAACCA
FS264,1814,+,A,ACCAAGC
FS264,1820,+,A,CATAATA
FS264,1825,+,A,TATAGCA
FS264,1835,+,A,ACTAACC
FS264,1836,+,A,CTAACCC
FS264,1844,+,A,TATACCT
FS264,2360,-,A,TTCAGTG
FS264,2367,+,A,CTGACAA
FS264,2384,+,A,AATATCT
FS264,2388,+,A,TCTACAA
FS264,2851,+,A,AGTACAT
FS264,3174,-,A,TTTACGG
FS264,3188,-,A,TTGAGAT
FS264,3194,-,A,ACTAAGT
FS264,3200,-,A,TATAATA
FS264,3202,-,A,GGTATAA
FS264,3231,-,A,TTAACAA
FS264,3237,-,A,GCCATCT
FS264,3250,-,A,ATTACCG
FS264,3264,-,A,TTAAGTT
FS264,3265,-,A,TTTAAGT
FS264,3271,-,A,TAAAGTT
FS264,3273,-,A,TGTAAAG
FS264,3278,-,A,CTGACTG
FS264,3285,-,A,TGAACCT
FS264,3299,-,A,TTAAGAA
FS264,3308,-,A,GGTATGT
FS264,3314,-,A,GCCATGG
FS264,3323,-,A,AGGAGGT
FS264,3326,-,A,AGTAGGA
FS264,3329,-,A,AGGAGTA
FS264,3332,-,A,ATGAGGA
FS264,3336,-,A,TACAATG
FS264,3338,-,A,GGTACAA
FS264,3347,-,A,ATTAGAA
FS264,3365,-,A,ATTAGGA
FS264,3389,-,A,CCTAGAA
FS264,3394,-,A,TATAGCC
FS264,3396,-,A,TATATAG
FS264,3398,-,A,TGTATAT
FS264,3404,-,A,CGTAGTT
FS264,3425,-,A,CCTACAA
FS264,3440,-,A,AGTAGCC
FS264,3443,-,A,TGTAGTA
FS264,3713,-,A,GCTACTG
FS264,4299,-,A,TTTACTC
FS264,4303,-,A,ATTATTT
FS264,4703,-,A,TATATTG
FS264,4746,-,A,AGTATTG
FS264,4772,-,A,TATAGCT
FS264,5291,-,A,GCTATTG
FS264,5806,-,A,CATATTG
FS264,5808,-,A,TTCATAT
FS264,6210,-,A,GTCAGAA
FS264,6229,-,A,AGGAGAG
FS264,6232,-,A,AGTAGGA
FS264,6235,-,A,AGGAGTA
FS264,6238,-,A,AGCAGGA
FS264,6248,-,A,AGCAGAT
FS264,6251,-,A,TATAGCA
FS264,6253,-,A,ACTATAG
FS264,6256,-,A,TCCACTA
FS264,6309,-,A,AGTAGTT
FS264,7061,+,A,TGTATTT
FS264,7083,+,A,TTCATTC
FS264,7087,+,A,TTCACTG
FS264,7129,+,A,CCTACGC
FS264,7146,+,A,TTCACTA
FS264,7149,+,A,ACTATCA
FS264,7158,+,A,TTCATCG
FS264,7165,-,A,TTTACGC
FS264,7621,-,A,AGTAGCG
FS264,7734,-,A,GTTAGTT
FS264,7738,-,A,ATTAGTT
FS264,7741,-,A,AGTATTA
FS264,7744,-,A,GTTAGTA
FS264,7759,-,A,CTGAGCG
FS264,7767,-,A,TCTATTT
FS264,7776,-,A,CAGACGG
FS264,7778,-,A,TTCAGAC
FS264,7783,-,A,GATAGTT
FS264,7785,-,A,AGGATAG
FS264,7788,-,A,GGCAGGA
FS264,7797,-,A,ATGATGG
FS264,7800,-,A,AGGATGA
FS264,7803,-,A,ACTAGGA
FS264,7806,-,A,AGGACTA
FS264,7809,-,A,ATGAGGA
FS264,7812,-,A,GCGATGA
FS264,7818,-,A,GGGAGGG
FS264,7827,-,A,CGTAGGG
FS264,7836,-,A,TAAAGGA
FS264,7898,-,A,AGTACCA
FS264,7901,-,A,TTCAGTA
FS264,9367,-,A,TATATGG
FS264,9577,-,A,TTTAGCG
FS264,9586,-,A,TCTAGGG
FS264,9601,-,A,TTTAGGA
FS264,9613,-,A,AATACGG
FS264,9616,-,A,AGTAATA
FS264,9631,-,A,GATACTC
FS264,9633,-,A,TTGATAC
FS264,9637,-,A,GTGATTG
FS264,9642,-,A,CTCAGGT
FS264,9653,-,A,ACTATGG
FS264,9661,-,A,TCTATTA
FS264,9706,-,A,AAAATTG
FS264,9707,-,A,TAAAATT
FS264,9709,-,A,AGTAAAA
FS264,9712,-,A,CCCAGTA
FS264,9716,-,A,GAGACCC
FS264,9718,-,A,TAGAGAC
FS264,9720,-,A,AATAGAG
FS264,9725,-,A,GGTAAAA
FS264,9730,-,A,AGGAGGG
FS264,9733,-,A,TGTAGGA
FS264,9741,-,A,CTGAGGC
FS264,9747,-,A,AGTACTC
FS264,9756,-,A,GAGACTC
FS264,9758,-,A,GGGAGAC
FS264,9762,-,A,TGAAGGG
FS264,9783,-,A,CGTAGAT
FS264,9789,-,A,TTGAGCC
FS264,9802,-,A,GCTACAA
FS264,10738,-,A,TGTACGT
FS264,11114,-,A,TATAAAA
FS264,11842,+,A,TCTAGCA
FS264,11904,-,A,ACTAGCA
FS264,11907,-,A,GTTACTA
FS264,11921,-,A,ATCAGGA
FS264,11940,-,A,AGTAGGA
FS264,11952,-,A,TTGAGTC
FS264,11958,-,A,AGTATGT
FS264,11961,-,A,ACTAGTA
FS264,11973,-,A,TATAGGG
FS264,11975,-,A,AGTATAG
FS264,11982,-,A,TAGAGGG
FS264,11984,-,A,TGTAGAG
FS264,12015,-,A,GTGAGTG
FS264,12609,-,A,TACAGGG
FS264,12983,-,A,AGGAGGC
FS264,12989,-,A,GCTAGGA
FS264,13030,-,A,GTCAGGG
FS264,13089,-,A,TATAGTG
FS264,13127,+,A,TCCACCC
FS264,13144,+,A,AATAGCC
FS264,13149,+,A,CCCACTA
FS264,13152,+,A,ACTAATC
FS264,13164,+,A,TCTAACA
FS264,13176,+,A,CTTAGGC
FS264,13183,+,A,GCTATCA
FS264,13186,+,A,ATCACCA
FS264,13189,+,A,ACCACTC
FS264,13470,+,A,CCTAGCA
FS264,13476,+,A,ATTAGCA
FS264,13485,+,A,AATACCT
FS264,13495,+,A,CTCACAG
FS264,13497,+,A,CACAGGT
FS264,13505,+,A,TCTACTC
FS264,13517,+,A,ACCACAT
FS264,13522,+,A,ATCATCG
FS264,13542,+,A,ATCATAC
FS264,13544,+,A,CATACAC
FS264,13546,+,A,TACACAA
FS264,13557,+,A,CTGAGCC
FS264,13563,+,A,CCTATCT
FS264,13567,+,A,TCTATTA
FS264,13570,+,A,ATTACTC
FS264,13576,+,A,CTCATCG
FS264,13688,-,A,TTTAGTA
FS264,13994,-,A,TCTAGGA
FS264,14025,-,A,TTTAGGT
FS264,14689,-,A,TGTAGTC
FS264,14725,-,A,AATACAA
FS264,14734,-,A,TGTAGTT
FS264,14757,-,A,CGTATTG
FS264,14775,-,A,ATTAGGG
FS264,14778,-,A,TTTATTA
FS264,14784,-,A,ATTAATT
FS264,14787,-,A,TTAATTA
FS264,14795,-,A,ATGAGTG
FS264,14798,-,A,TGAATGA
FS264,14826,-,A,GAGATGT
FS264,14828,-,A,CGGAGAT
FS264,14834,-,A,ATCATGC
FS264,14849,-,A,GTGAGCC
FS264,14909,-,A,AGTAGTG
FS264,14912,-,A,GTGAGTA
FS264,14924,-,A,TTGAGGC
FS264,15076,+,A,CTCAGAA
FS264,15705,-,A,CTTAGTG
FS264,15755,-,A,TTCAGGT
FS264,15787,-,A,GGTAAAA
FS264,15804,-,A,GCTACTT
FS264,15816,-,A,TATAGTA
FS264,15834,-,A,ATTAGGA
FS264,15840,-,A,ATTAGGA
FS264,15858,-,A,ATTAGGG
FS264,16126,-,A,CGTACAA
FS264,16131,-,A,GGTACCG
FS264,16143,-,A,TCAAGTA
FS264,16154,-,A,ACTACAG
FS264,16157,-,A,TGTACTA
FS264,16172,-,A,TGGATTG
FS264,16209,-,A,TGTACTT
FS264,16217,-,A,TTGATTG
FS264,16224,-,A,TTGAGGG
FS264,16229,-,A,GATAGTT
FS264,16238,-,A,TTGATGT
FS264,16243,-,A,TGCAGTT
FS264,16249,-,A,TGGAGTT
FS264,16263,-,A,GTGAGGG
FS264,16271,-,A,CCTAGTG
FS264,16276,-,A,GGTATCC
FS264,16288,-,A,GGTAGGT
FS264,16297,-,A,TTAAGGG
FS264,16298,-,A,GTTAAGG
FS264,16304,-,A,TGTACTG
FS264,16308,-,A,ACTATGT
FS264,16311,-,A,TGTACTA
FS264,16315,-,A,TTTATGT
FS264,16323,-,A,TAAATGG
FS264,16325,-,A,GGTAAAT
FS264,16330,-,A,TGTACGG
FS264,16334,-,A,GCTATGT
FS264,16341,-,A,GTAATGT
FS264,16342,-,A,TGTAATG
FS264,16347,-,A,TTGACTG
FS264,16352,-,A,GGGATTT
FS264,16356,-,A,AGAAGGG
FS264,16359,-,A,ACGAGAA
FS264,16362,-,A,GGGACGA
FS264,16368,-,A,TCCATGG
FS264,16372,-,A,GTCATCC
FS264,16381,-,A,CTGAGGG
FS264,16386,-,A,CCTATCT
FS264,16392,-,A,GGGACCC
FS264,16402,+,A,ACCACCA
FS264,16409,-,A,CGGAGGA
FS264,16413,-,A,TTCACGG
FS264,16418,-,A,TTGATTT
FS264,16422,-,A,GATATTG
FS264,16441,+,A,GCTACTC
FS264,16466,+,A,AACACTT
FS264,16482,+,A,TAAAGTG
FS264,16487,+,A,TGAACTG
FS264,16492,+,A,TGTATCC
FS264,16515,+,A,TTCAGGG
FS264,16521,+,A,GTCATAA
FS264,16534,+,A,AATAGCC
FS264,16539,+,A,CCCACAC
FS300,476,-,G,TTAGTAG
FS300,520,-,G,TGTGTGT
FS300,530,-,G,TTAGCAG
FS300,535,-,G,TGGGGTT
FS300,536,-,G,ATGGGGT
FS300,537,-,G,TATGGGG
FS300,544,-,G,TTCGGGG
FS300,548,-,G,TTGGTTC
FS300,558,-,G,TGGGGTT
FS300,728,-,G,TTAGAGG
FS300,743,-,G,TTTGATC
FS300,748,-,C,TTCCTTT
FS300,759,-,G,CTTGATG
FS300,780,-,G,TTTGAGC
FS300,792,-,G,TAGGCTA
FS300,798,-,G,TGTGGCT
FS300,988,+,G,TGAGTTG
FS300,1719,+,G,TTAGCCA
FS300,1721,+,C,AGCCAAA
FS300,1731,+,A,TTTACCC
FS300,1733,+,C,TACCCAA
FS300,1734,+,C,ACCCAAA
FS300,1735,+,A,CCCAAAT
FS300,1744,+,A,AGTATAG
FS300,1747,+,G,ATAGGCG
FS300,1748,+,G,TAGGCGA
FS300,1750,+,G,GGCGATA
FS300,1754,+,G,ATAGAAA
FS300,1765,+,C,AACCTGG
FS300,1767,+,G,CCTGGCG
FS300,1776,+,G,ATAGATA
FS300,1781,+,A,TATAGTA
FS300,2015,+,G,ATAGCTG
FS300,2028,+,G,CAAGATA
FS300,2040,+,G,TTAGTTC
FS300,2431,-,G,TGTGTTG
FS300,4260,-,G,TTAGGTT
FS300,5767,+,C,CCCCGGC
FS300,5768,+,G,CCCGGCA
FS300,5979,+,G,TGAGCTG
FS300,6803,-,G,TGTGTCT
FS300,7054,+,G,TAGGAGC
FS300,7065,+,G,TTTGCCA
FS300,7067,+,C,TGCCATC
FS300,7074,+,G,ATAGGAG
FS300,7075,+,G,TAGGAGG
FS300,7083,+,A,TTCATTC
FS300,7087,+,A,TTCACTG
FS300,7090,+,G,ACTGATT
FS300,7119,+,G,CTAGACC
FS300,7122,+,C,GACCAAA
FS300,7131,+,G,TACGCCA
FS300,7133,+,C,CGCCAAA
FS300,7721,-,G,TGAGTGT
FS300,7733,-,G,TTAGTTT
FS300,7737,-,G,TTAGTTA
FS300,7743,-,G,TTAGTAT
FS300,7750,-,G,TGAGATG
FS300,7752,-,G,TCTGAGA
FS300,7756,-,G,AGCGTCT
FS300,7758,-,G,TGAGCGT
FS300,7767,-,A,TCTATTT
FS300,7777,-,G,TCAGACG
FS300,7808,-,G,TGAGGAC
FS300,7824,-,G,AGGGATG
FS300,7825,-,G,TAGGGAT
FS300,7829,-,G,TGCGTAG
FS300,7840,-,G,TATGTAA
FS300,7845,-,G,TCTGTTA
FS300,7868,-,G,TAAGGGA
FS300,7876,-,G,TTTGATG
FS300,7886,-,C,GGCCAAT
FS300,8155,+,G,GGGGGTA
FS300,8771,-,G,TTAGTTG
FS300,9777,-,C,TGCCGTC
FS300,10545,-,G,TGAGGTG
FS300,11744,+,C,TGCCTAG
FS300,11775,+,G,ACAGTCG
FS300,12505,+,C,TGCCTAG
FS300,13093,+,G,ATAGTTG
FS300,13110,-,G,TAAGAAG
FS300,13114,-,G,TGAGTAA
FS300,13116,+,C,ACTCATC
FS300,13120,+,C,ATCCGCT
FS300,13121,+,G,TCCGCTT
FS300,13126,+,C,TTCCACC
FS300,13132,+,C,CCCCTAG
FS300,13135,+,G,CTAGCAG
FS300,13138,+,G,GCAGAAA
FS300,13148,+,C,GCCCACT
FS300,13468,+,C,AGCCTAG
FS300,13471,+,G,CTAGCAT
FS300,13477,+,G,TTAGCAG
FS300,13496,+,C,TCACAGG
FS300,13498,+,G,ACAGGTT
FS300,14815,-,G,TGGGGTG
FS300,14820,-,G,TTGGATG
FS300,14827,-,G,GGAGATG
FS300,14829,-,G,GCGGAGA
FS300,14848,-,G,TGAGCCG
FS300,14850,-,G,AGTGAGC
FS300,14908,-,G,GTAGTGC
FS300,14909,-,A,AGTAGTG
FS300,14911,-,G,TGAGTAG
FS300,14913,-,G,GGTGAGT
FS300,14915,-,G,CTGGTGA
FS300,14916,-,G,TCTGGTG
FS300,14920,-,G,GGCGTCT
FS300,14922,-,G,GAGGCGT
FS300,14923,-,G,TGAGGCG
FS300,14925,-,G,GTTGAGG
FS300,14928,-,G,GCGGTTG
FS300,14931,-,G,AAGGCGG
FS300,14937,-,G,GATGAAA
FS300,14940,-,G,ATTGATG
FS300,14944,-,G,GGCGATT
FS300,14946,-,G,TGGGCGA
FS300,14948,-,G,TGTGGGC
FS300,15050,+,C,GGCCTAT
FS300,15070,+,C,TCTCTAC
FS300,15076,+,A,CTCAGAA
FS300,15077,+,G,TCAGAAA
FS300,16332,-,G,TATGTAC
FS300,16346,+,G,ACAGTCA
FS300,16348,-,G,TTTGACT
FS300,16353,-,G,AGGGATT
FS300,16358,-,G,CGAGAAG
FS300,16363,-,G,GGGGACG
FS300,16364,-,G,TGGGGAC
FS300,16365,-,G,ATGGGGA
FS300,16366,+,C,CCCCATG
FS300,16368,-,A,TCCATGG
FS300,16369,-,C,ATCCATG
FS300,16370,+,G,ATGGATG
FS300,16375,-,G,GGGGTCA
FS300,16376,-,G,GGGGGTC
FS300,16377,-,G,GGGGGGT
FS300,16378,-,G,AGGGGGG
FS300,16380,-,G,TGAGGGG
FS300,16382,-,G,TCTGAGG
FS300,16384,+,G,TCAGATA
FS300,16393,-,G,AGGGACC
FS300,16394,-,G,AAGGGAC
FS300,16398,-,C,GGTCAAG
FS300,16400,-,G,GTGGTCA
FS300,16401,+,C,GACCACC
FS300,16403,-,G,ATGGTGG
FS300,16404,-,G,GATGGTG
FS300,16407,-,G,GAGGATG
FS300,16408,-,G,GGAGGAT
FS300,16410,-,G,ACGGAGG
FS300,16414,-,C,TTTCACG
FS300,16419,-,G,ATTGATT
FS300,16425,-,G,CGGGATA
FS300,16429,-,G,TGTGCGG
FS300,16442,-,G,AGAGTAG
FS301,544,-,G,TTCGGGG
FS301,728,-,G,TTAGAGG
FS301,748,-,C,TTCCTTT
FS301,780,-,G,TTTGAGC
FS301,891,+,C,TGCCAGC
FS301,964,+,C,TCCCCAA
FS301,965,+,C,CCCCAAT
FS301,988,+,G,TGAGTTG
FS301,1062,+,G,TAAGACC
FS301,1066,+,C,ACCCAAA
FS301,1707,+,C,TACCAGA
FS301,1711,+,C,AGACAAC
FS301,1719,+,G,TTAGCCA
FS301,1721,+,C,AGCCAAA
FS301,1731,+,A,TTTACCC
FS301,1734,+,C,ACCCAAA
FS301,1747,+,G,ATAGGCG
FS301,1754,+,G,ATAGAAA
FS301,1765,+,C,AACCTGG
FS301,1772,+,A,CGCAATA
FS301,1776,+,G,ATAGATA
FS301,1781,+,A,TATAGTA
FS301,2015,+,G,ATAGCTG
FS301,2040,+,G,TTAGTTC
FS301,2431,-,G,TGTGTTG
FS301,4260,-,G,TTAGGTT
FS301,4670,+,C,ATCCATA
FS301,5767,+,C,CCCCGGC
FS301,5768,+,G,CCCGGCA
FS301,5979,+,G,TGAGCTG
FS301,5988,+,C,GTCCTAG
FS301,5992,+,G,TAGGCAC
FS301,6004,+,G,TAAGCCT
FS301,6028,+,G,TGGGCCA
FS301,6034,+,C,AGCCAGG
FS301,7031,+,C,CCACTTC
FS301,7035,+,C,TTCCACT
FS301,7041,+,G,TATGTCC
FS301,7043,+,C,TGTCCTA
FS301,7044,+,C,GTCCTAT
FS301,7048,+,C,TATCAAT
FS301,7054,+,G,TAGGAGC
FS301,7056,+,G,GGAGCTG
FS301,7059,+,G,GCTGTAT
FS301,7061,+,A,TGTATTT
FS301,7065,+,G,TTTGCCA
FS301,7067,+,C,TGCCATC
FS301,7070,+,C,CATCATA
FS301,7074,+,G,ATAGGAG
FS301,7075,+,G,TAGGAGG
FS301,7077,+,G,GGAGGCT
FS301,7078,+,G,GAGGCTT
FS301,7082,+,C,CTTCATT
FS301,7083,+,A,TTCATTC
FS301,7086,+,C,ATTCACT
FS301,7087,+,A,TTCACTG
FS301,7088,+,C,TCACTGA
FS301,7090,+,G,ACTGATT
FS301,7096,+,C,TTCCCCT
FS301,7098,+,C,CCCCTAT
FS301,7105,+,C,TCTCAGG
FS301,7115,+,C,CACCCTA
FS301,7116,+,C,ACCCTAG
FS301,7119,+,G,CTAGACC
FS301,7121,+,C,AGACCAA
FS301,7122,+,C,GACCAAA
FS301,7129,+,A,CCTACGC
FS301,7131,+,G,TACGCCA
FS301,7133,+,C,CGCCAAA
FS301,7147,+,C,TCACTAT
FS301,7174,+,C,TAACTTT
FS301,7733,-,G,TTAGTTT
FS301,7737,-,G,TTAGTTA
FS301,7743,-,G,TTAGTAT
FS301,7750,-,G,TGAGATG
FS301,7758,-,G,TGAGCGT
FS301,7762,+,G,TCAGGAA
FS301,7808,-,G,TGAGGAC
FS301,7824,-,G,AGGGATG
FS301,7825,-,G,TAGGGAT
FS301,7829,-,G,TGCGTAG
FS301,7840,-,G,TATGTAA
FS301,7845,-,G,TCTGTTA
FS301,7847,-,C,CGTCTGT
FS301,7886,-,C,GGCCAAT
FS301,8156,+,G,GGGGTAT
FS301,8771,-,G,TTAGTTG
FS301,9777,-,C,TGCCGTC
FS301,9782,-,G,GTAGATG
FS301,9806,-,G,TGTGGCT
FS301,9810,-,C,AGCCTGT
FS301,10545,-,G,TGAGGTG
FS301,11744,+,C,TGCCTAG
FS301,11775,+,G,ACAGTCG
FS301,11795,+,C,TCTCAAG
FS301,12505,+,C,TGCCTAG
FS301,13110,-,G,TAAGAAG
FS301,13114,-,G,TGAGTAA
FS301,13126,+,C,TTCCACC
FS301,13130,+,C,ACCCCCT
FS301,13132,+,C,CCCCTAG
FS301,13468,+,C,AGCCTAG
FS301,13470,+,A,CCTAGCA
FS301,13471,+,G,CTAGCAT
FS301,13477,+,G,TTAGCAG
FS301,13487,+,C,TACCTTT
FS301,13496,+,C,TCACAGG
FS301,13498,+,G,ACAGGTT
FS301,13499,+,G,CAGGTTT
FS301,13509,+,C,CTCCAAA
FS301,13558,+,G,TGAGCCC
FS301,13561,+,C,GCCCTAT
FS301,14908,-,G,GTAGTGC
FS301,14909,-,A,AGTAGTG
FS301,14911,-,G,TGAGTAG
FS301,14913,-,G,GGTGAGT
FS301,14915,-,G,CTGGTGA
FS301,14916,-,G,TCTGGTG
FS301,14918,-,C,CGTCTGG
FS301,14920,-,G,GGCGTCT
FS301,14921,-,C,AGGCGTC
FS301,14922,-,G,GAGGCGT
FS301,14923,-,G,TGAGGCG
FS301,14924,-,A,TTGAGGC
FS301,14925,-,G,GTTGAGG
FS301,14928,-,G,GCGGTTG
FS301,14931,-,G,AAGGCGG
FS301,14937,-,G,GATGAAA
FS301,14940,-,G,ATTGATG
FS301,14946,-,G,TGGGCGA
FS301,14948,-,G,TGTGGGC
FS301,14953,-,G,AGTGATG
FS301,15026,+,C,TGCCTCT
FS301,15050,+,C,GGCCTAT
FS301,15054,+,A,TATATTA
FS301,15060,+,G,ACGGATC
FS301,15068,+,C,TTTCTCT
FS301,15070,+,C,TCTCTAC
FS301,15075,+,C,ACTCAGA
FS301,15077,+,G,TCAGAAA
FS301,15082,+,C,AACCTGA
FS301,16346,+,G,ACAGTCA
FS301,16348,+,C,AGTCAAA
FS301,16355,+,C,TCCCTTC
FS301,16364,-,G,TGGGGAC
FS301,16366,+,C,CCCCATG
FS301,16369,-,C,ATCCATG
FS301,16370,+,G,ATGGATG
FS301,16375,-,G,GGGGTCA
FS301,16376,-,G,GGGGGTC
FS301,16377,+,C,ACCCCCC
FS301,16378,+,C,CCCCCCT
FS301,16380,-,G,TGAGGGG
FS301,16382,-,G,TCTGAGG
FS301,16384,+,G,TCAGATA
FS301,16388,-,C,CCCCTAT
FS301,16401,+,C,GACCACC
FS301,16403,-,G,ATGGTGG
FS301,16407,-,G,GAGGATG
FS301,16412,-,C,TCACGGA
FS301,16414,-,C,TTTCACG
FS301,16419,-,G,ATTGATT
FS301,16425,-,G,CGGGATA
FS301,16429,-,G,TGTGCGG
FS301,16442,-,G,AGAGTAG
FS301,16459,+,C,GGCCCAT
FS301,16460,+,C,GCCCATA
FS301,16474,+,G,GGGGTAG
FS303,1,-,C,GATCCAT
FS303,34,-,C,TCCCGTG
FS303,94,-,C,CGTCTCG
FS303,214,+,A,ATTAATT
FS303,277,+,C,AGACATC
FS303,280,+,C,CATCATA
FS303,285,+,C,TAACAAA
FS303,296,+,C,TTCCACC
FS303,299,+,C,CACCAAA
FS303,307,+,C,CCCCCCT
FS303,308,+,C,CCCCCTC
FS303,309,+,C,CCCCTCC
FS303,314,+,C,CCCCCGC
FS303,315,+,C,CCCCGCT
FS303,320,+,C,CTTCTGG
FS303,463,+,C,TCCCACT
FS303,469,+,C,TCCCATA
FS303,496,+,C,ACCCCCG
FS303,501,+,C,CGCCCAT
FS303,502,+,C,GCCCATC
FS303,506,+,C,ATCCTAC
FS303,511,+,C,ACCCAGC
FS303,516,+,C,GCACACA
FS303,518,+,C,ACACACA
FS303,520,+,C,ACACACA
FS303,522,+,C,ACACACC
FS303,537,+,C,CCCCATA
FS303,3031,-,C,AACCTTT
FS303,3040,-,C,GAACAAA
FS303,3054,-,C,GGACTTT
FS303,3056,-,G,TAGGACT
FS303,3061,-,C,TCACGTA
FS303,3068,-,C,ACTCAGA
FS303,4061,+,C,CCCCTGA
FS303,4068,+,C,ACTCTAC
FS303,4073,+,C,ACACAAC
FS303,4089,+,C,CACCAAG
FS303,4096,+,C,ACCCTAC
FS303,4107,+,C,AACCTCC
FS303,4111,+,C,TCCCTGT
FS303,4156,+,C,GACCAAC
FS303,4932,+,C,CTCCTCA
FS303,4934,+,C,CCTCACT
FS303,4936,+,C,TCACTCT
FS303,4938,+,C,ACTCTCT
FS303,4942,+,C,TCTCAAT
FS303,5151,+,C,ACCCTAC
FS303,5161,+,C,TATCTCG
FS303,5163,+,C,TCTCGCA
FS303,6170,+,C,TGCCCCC
FS303,6386,+,C,GGCCATC
FS303,6464,+,C,ATCCGTC
FS303,6468,+,C,GTCCTAA
FS303,6473,+,C,AATCACA
FS303,6475,+,C,TCACAGC
FS303,6483,+,C,GTCCTAC
FS303,6486,+,C,CTACTTC
FS303,6492,+,C,CTCCTAT
FS303,6496,+,C,TATCTCT
FS303,6498,+,C,TCTCTCC
FS303,6502,+,C,TCCCAGT
FS303,6507,+,C,GTCCTAG
FS303,6516,-,C,TGCCAGC
FS303,6597,+,C,TACCAAC
FS303,6625,+,C,ACCCTGA
FS303,6649,+,C,TACCAGG
FS303,6857,+,C,CGTCAAA
FS303,7029,+,C,GCCCACT
FS303,7031,+,C,CCACTTC
FS303,7035,+,C,TTCCACT
FS303,7037,+,C,CCACTAT
FS303,7043,+,C,TGTCCTA
FS303,7044,+,C,GTCCTAT
FS303,7048,+,C,TATCAAT
FS303,7061,+,A,TGTATTT
FS303,7067,+,C,TGCCATC
FS303,7070,+,C,CATCATA
FS303,7074,+,G,ATAGGAG
FS303,7075,+,G,TAGGAGG
FS303,7079,+,C,AGGCTTC
FS303,7082,+,C,CTTCATT
FS303,7086,+,C,ATTCACT
FS303,7088,+,C,TCACTGA
FS303,7098,+,C,CCCCTAT
FS303,7105,+,C,TCTCAGG
FS303,7109,+,C,AGGCTAC
FS303,7116,+,C,ACCCTAG
FS303,7122,+,C,GACCAAA
FS303,7127,+,C,AACCTAC
FS303,7133,+,C,CGCCAAA
FS303,7145,+,C,TTTCACT
FS303,7147,+,C,TCACTAT
FS303,7174,+,C,TAACTTT
FS303,7183,+,C,TCCCACA
FS303,7188,+,C,CAACACT
FS303,7190,+,C,ACACTTT
FS303,7200,+,C,GGCCTAT
FS303,7548,-,C,TGACAAA
FS303,7588,-,C,TGCCATT
FS303,7607,-,C,GACCTAC
FS303,7682,-,G,TAAGGAA
FS303,7697,-,C,GGACTAG
FS303,7733,-,G,TTAGTTT
FS303,7743,-,G,TTAGTAT
FS303,8168,+,C,GGTCAAT
FS303,8175,+,C,GCTCTGA
FS303,8182,+,C,AATCTGT
FS303,8186,+,G,TGTGGAG
FS303,8190,+,C,GAGCAAA
FS303,8194,+,C,AAACCAC
FS303,8195,+,C,AACCACA
FS303,8203,+,C,TTTCATG
FS303,8208,+,C,TGCCCAT
FS303,8209,+,C,GCCCATC
FS303,8253,+,C,GGCCCGT
FS303,9015,+,C,TAACATT
FS303,9028,+,C,GGCCACC
FS303,9094,+,C,ACACTTA
FS303,9099,+,C,TATCATC
FS303,9125,+,C,TGACTAT
FS303,9130,+,C,ATCCTAG
FS303,9444,-,G,ATCGAAG
FS303,9564,-,C,TGCCTGT
FS303,9902,+,C,TCACTTT
FS303,9920,+,C,CGCCGCC
FS303,9931,-,C,TGCCAGT
FS303,10013,+,C,TACCGTT
FS303,10023,+,C,TTCCAAT
FS303,10843,+,C,AACCACC
FS303,10847,+,C,ACCCACA
FS303,10920,+,C,CCCCAAC
FS303,10940,+,C,CCCCTAA
FS303,10944,+,C,TAACAAC
FS303,11588,+,C,TGCCTAC
FS303,11795,+,C,TCTCAAG
FS303,11817,+,C,TCCCACT
FS303,11953,+,C,ACTCAAC
FS303,11956,+,C,CAACATA
FS303,12399,+,C,TACCACC
FS303,12417,+,C,TAACAAA
FS303,12486,+,C,CCCCACA
FS303,12505,+,C,TGCCTAG
FS303,12741,+,C,TAACAAC
FS303,12751,+,C,TTCCAAC
FS303,13116,+,C,ACTCATC
FS303,13119,+,C,CATCCGC
FS303,13120,+,C,ATCCGCT
FS303,13122,+,C,CCGCTTC
FS303,13126,+,C,TTCCACC
FS303,13130,+,C,ACCCCCT
FS303,13131,+,C,CCCCCTA
FS303,13132,+,C,CCCCTAG
FS303,13136,+,C,TAGCAGA
FS303,13147,+,C,AGCCCAC
FS303,13148,+,C,GCCCACT
FS303,13150,+,C,CCACTAA
FS303,13156,+,C,ATCCAAA
FS303,13160,+,C,AAACTCT
FS303,13162,+,C,ACTCTAA
FS303,13166,+,C,TAACACT
FS303,13185,+,C,TATCACC
FS303,13188,+,C,CACCACT
FS303,13330,+,C,ACCCACG
FS303,14565,+,C,CCACACC
FS303,14570,+,C,CCGCTAA
FS303,14574,+,C,TAACAAT
FS303,14578,+,C,AATCAAT
FS303,14583,+,C,ATACTAA
FS303,14591,+,C,CCCCCAT
FS303,14592,+,C,CCCCATA
FS303,14697,+,C,CCACGAC
FS303,14701,+,C,GACCAAT
FS303,14717,+,C,AACCATC
FS303,14730,+,C,TTTCAAC
FS303,14745,+,C,CACCAAT
FS303,14753,+,C,ACCCCAA
FS303,14754,+,C,CCCCAAT
FS303,16193,+,C,CCCCATG
FS303,16225,+,C,CCTCAAC
FS303,16228,+,C,CAACTAT
FS303,16404,+,C,CACCATC
FS303,16425,+,C,TATCCCG
FS303,16427,+,C,TCCCGCA
FS303,16431,+,C,GCACAAG
FS303,16447,+,C,CTCCTCG
FS303,16449,+,C,CCTCGCT
FS303,16451,+,C,TCGCTCC
FS303,16455,+,G,TCCGGGC
FS303,16459,+,C,GGCCCAT
FS305,1,-,C,GATCCAT
FS305,4,-,G,TGTGATC
FS305,11,-,G,ATAGACC
FS305,17,-,G,AGGGTGA
FS305,18,-,G,TAGGGTG
FS305,19,-,G,ATAGGGT
FS305,27,-,G,AGTGGTT
FS305,29,-,G,TGAGTGG
FS305,31,-,G,CGTGAGT
FS305,34,-,C,TCCCGTG
FS305,145,+,C,TGCCTCA
FS305,171,+,G,TACGTTC
FS305,207,+,G,TGTGTTA
FS305,214,+,A,ATTAATT
FS305,229,+,G,TAGGACA
FS305,231,+,C,GGACATA
FS305,242,+,C,TAACAAT
FS305,247,+,G,ATTGAAT
FS305,277,+,C,AGACATC
FS305,280,+,C,CATCATA
FS305,285,+,C,TAACAAA
FS305,296,+,C,TTCCACC
FS305,297,+,A,TCCACCA
FS305,299,+,C,CACCAAA
FS305,409,+,G,TTTGGCG
FS305,410,+,G,TTGGCGG
FS305,445,+,C,TAACACA
FS305,463,+,C,TCCCACT
FS305,469,+,C,TCCCATA
FS305,501,+,C,CGCCCAT
FS305,502,+,C,GCCCATC
FS305,506,+,C,ATCCTAC
FS305,511,+,C,ACCCAGC
FS305,537,+,C,CCCCATA
FS305,1666,+,T,CGCTCTG
FS305,1669,+,G,TCTGAGC
FS305,1685,+,C,CCCCAAA
FS305,2659,-,G,TAAGAGA
FS305,2670,-,G,CTGGTTA
FS305,2671,-,G,ACTGGTT
FS305,2673,-,C,TCACTGG
FS305,2675,-,C,TTTCACT
FS305,2681,-,C,GGTCAAT
FS305,2683,-,G,CAGGTCA
FS305,2684,-,G,GCAGGTC
FS305,2695,-,C,CCTCTTC
FS305,2697,-,C,CGCCTCT
FS305,2699,-,G,CCCGCCT
FS305,2700,-,C,GCCCGCC
FS305,2701,-,C,TGCCCGC
FS305,2708,-,G,TGTGTTA
FS305,2710,-,G,GCTGTGT
FS305,2732,+,G,TATGGAG
FS305,2733,+,G,ATGGAGC
FS305,2762,-,G,TTAGGTA
FS305,2770,-,G,TGGGTTT
FS305,2772,-,G,TGTGGGT
FS305,3031,-,C,AACCTTT
FS305,3046,-,G,ATCGTTG
FS305,3054,-,C,GGACTTT
FS305,3056,-,G,TAGGACT
FS305,3057,-,G,GTAGGAC
FS305,3066,-,G,TCAGATC
FS305,3543,+,C,TCTCACC
FS305,3546,+,C,CACCATC
FS305,3563,+,G,TATGAAC
FS305,4048,+,G,TATGACG
FS305,4060,+,C,TCCCCTG
FS305,4061,+,C,CCCCTGA
FS305,4068,+,C,ACTCTAC
FS305,4073,+,C,ACACAAC
FS305,4084,+,G,TTTGTCA
FS305,4089,+,C,CACCAAG
FS305,4092,+,G,CAAGACC
FS305,4096,+,C,ACCCTAC
FS305,4932,+,C,CTCCTCA
FS305,4934,+,C,CCTCACT
FS305,4936,+,C,TCACTCT
FS305,4938,+,C,ACTCTCT
FS305,4940,+,C,TCTCTCA
FS305,4942,+,C,TCTCAAT
FS305,4952,+,C,ATCCATC
FS305,4959,+,G,ATAGCAG
FS305,4966,+,G,GCAGTTG
FS305,4971,+,G,TGAGGTG
FS305,5032,+,G,TAGGATG
FS305,5735,-,G,CGGGAGA
FS305,5753,-,C,CGCCTTT
FS305,6386,+,C,GGCCATC
FS305,6465,+,G,TCCGTCC
FS305,6475,+,C,TCACAGC
FS305,6483,+,C,GTCCTAC
FS305,6492,+,C,CTCCTAT
FS305,6498,+,C,TCTCTCC
FS305,6502,+,C,TCCCAGT
FS305,6518,+,C,TGGCATC
FS305,6523,+,C,TCACTAT
FS305,7020,+,G,TACGTTG
FS305,7029,+,C,GCCCACT
FS305,7031,+,C,CCACTTC
FS305,7035,+,C,TTCCACT
FS305,7041,+,G,TATGTCC
FS305,7043,+,C,TGTCCTA
FS305,7044,+,C,GTCCTAT
FS305,7048,+,C,TATCAAT
FS305,7049,+,A,ATCAATA
FS305,7053,+,G,ATAGGAG
FS305,7054,+,G,TAGGAGC
FS305,7059,+,G,GCTGTAT
FS305,7061,+,A,TGTATTT
FS305,7065,+,G,TTTGCCA
FS305,7067,+,C,TGCCATC
FS305,7070,+,C,CATCATA
FS305,7074,+,G,ATAGGAG
FS305,7075,+,G,TAGGAGG
FS305,7077,+,G,GGAGGCT
FS305,7079,+,C,AGGCTTC
FS305,7082,+,C,CTTCATT
FS305,7083,+,A,TTCATTC
FS305,7086,+,C,ATTCACT
FS305,7087,+,A,TTCACTG
FS305,7088,+,C,TCACTGA
FS305,7090,+,G,ACTGATT
FS305,7096,+,C,TTCCCCT
FS305,7097,+,C,TCCCCTA
FS305,7098,+,C,CCCCTAT
FS305,7105,+,C,TCTCAGG
FS305,7107,+,G,TCAGGCT
FS305,7116,+,C,ACCCTAG
FS305,7119,+,G,CTAGACC
FS305,7121,+,C,AGACCAA
FS305,7122,+,C,GACCAAA
FS305,7127,+,C,AACCTAC
FS305,7133,+,C,CGCCAAA
FS305,7147,+,C,TCACTAT
FS305,7174,+,C,TAACTTT
FS305,7183,+,C,TCCCACA
FS305,7200,+,C,GGCCTAT
FS305,7573,-,G,TAGGATT
FS305,7582,-,G,TAAGATA
FS305,7588,-,C,TGCCATT
FS305,7590,-,G,TGTGCCA
FS305,7607,-,C,GACCTAC
FS305,7610,-,G,GTAGACC
FS305,7618,-,G,AGCGTCT
FS305,7623,-,G,GAAGTAG
FS305,7626,-,G,GGGGAAG
FS305,7627,-,G,AGGGGAA
FS305,7628,-,G,TAGGGGA
FS305,7629,-,G,ATAGGGG
FS305,7633,-,G,TATGATA
FS305,7682,-,G,TAAGGAA
FS305,7693,-,G,TAGGAAG
FS305,7721,-,G,TGAGTGT
FS305,7728,-,G,TTTGTTG
FS305,7733,-,G,TTAGTTT
FS305,7737,-,G,TTAGTTA
FS305,7743,-,G,TTAGTAT
FS305,7750,-,G,TGAGATG
FS305,7758,-,G,TGAGCGT
FS305,8154,+,G,CGGGGGT
FS305,8155,+,G,GGGGGTA
FS305,8156,+,G,GGGGTAT
FS305,8160,+,A,TATACTA
FS305,8161,+,C,ATACTAC
FS305,8165,+,G,TACGGTC
FS305,8166,+,G,ACGGTCA
FS305,8168,+,C,GGTCAAT
FS305,8175,+,C,GCTCTGA
FS305,8177,+,G,TCTGAAA
FS305,8182,+,C,AATCTGT
FS305,8184,+,G,TCTGTGG
FS305,8186,+,G,TGTGGAG
FS305,8187,+,G,GTGGAGC
FS305,8190,+,C,GAGCAAA
FS305,8194,+,C,AAACCAC
FS305,8195,+,C,AACCACA
FS305,8199,+,G,ACAGTTT
FS305,8208,+,C,TGCCCAT
FS305,8209,+,C,GCCCATC
FS305,8213,+,G,ATCGTCC
FS305,8215,+,C,CGTCCTA
FS305,8216,+,C,GTCCTAG
FS305,8219,+,G,CTAGAAT
FS305,8224,+,A,ATTAATT
FS305,8231,+,C,CCCCTAA
FS305,8243,+,G,TTTGAAA
FS305,8250,+,G,TAGGGCC
FS305,8253,+,C,GGCCCGT
FS305,8254,+,C,GCCCGTA
FS305,8255,+,G,CCCGTAT
FS305,8295,+,C,GCCCACT
FS305,9015,+,C,TAACATT
FS305,9028,+,C,GGCCACC
FS305,9087,+,C,TCCCTCT
FS305,9099,+,C,TATCATC
FS305,9391,-,G,CGTGTTA
FS305,9564,-,C,TGCCTGT
FS305,9651,+,C,CACCATA
FS305,9655,+,G,ATAGTCT
FS305,9663,+,G,ATAGAAA
FS305,9979,+,G,ATTGATG
FS305,9984,+,G,TGAGGGT
FS305,9986,+,G,AGGGTCT
FS305,10000,+,G,TTAGTAT
FS305,10013,+,C,TACCGTT
FS305,10019,+,C,TAACTTC
FS305,10023,+,C,TTCCAAT
FS305,10040,+,C,TGACAAC
FS305,10164,-,G,AAGGGGT
FS305,10165,-,G,TAAGGGG
FS305,10566,+,C,TGCCTAG
FS305,10843,+,C,AACCACC
FS305,10847,+,C,ACCCACA
FS305,10853,+,C,AGCCTAA
FS305,10920,+,C,CCCCAAC
FS305,10934,+,G,TCCGACC
FS305,10940,+,C,CCCCTAA
FS305,10944,+,C,TAACAAC
FS305,11588,+,C,TGCCTAC
FS305,11625,+,C,ACTCTTC
FS305,11636,+,C,AGCCACA
FS305,11655,+,C,TAACAGC
FS305,11659,+,C,AGCCATT
FS305,11744,+,C,TGCCTAG
FS305,11771,+,C,ACTCACA
FS305,11775,+,G,ACAGTCG
FS305,11789,+,C,ATCCTCT
FS305,11791,+,C,CCTCTCT
FS305,11795,+,C,TCTCAAG
FS305,12548,-,G,TGGGTTG
FS305,12549,-,G,TTGGGTT
FS305,12550,-,G,TTTGGGT
FS305,12554,-,G,GTTGTTT
FS305,12557,-,G,TGGGTTG
FS305,12558,-,G,CTGGGTT
FS305,12568,-,G,TTAGGGA
FS305,12737,-,G,TTAGCGG
FS305,13093,+,G,ATAGTTG
FS305,13116,+,C,ACTCATC
FS305,13117,+,A,CTCATCC
FS305,13119,+,C,CATCCGC
FS305,13120,+,C,ATCCGCT
FS305,13121,+,G,TCCGCTT
FS305,13122,+,C,CCGCTTC
FS305,13125,+,C,CTTCCAC
FS305,13126,+,C,TTCCACC
FS305,13127,+,A,TCCACCC
FS305,13128,+,C,CCACCCC
FS305,13129,+,C,CACCCCC
FS305,13130,+,C,ACCCCCT
FS305,13131,+,C,CCCCCTA
FS305,13132,+,C,CCCCTAG
FS305,13135,+,G,CTAGCAG
FS305,13138,+,G,GCAGAAA
FS305,13147,+,C,AGCCCAC
FS305,13148,+,C,GCCCACT
FS305,13150,+,C,CCACTAA
FS305,13156,+,C,ATCCAAA
FS305,13166,+,C,TAACACT
FS305,13177,+,G,TTAGGCG
FS305,13185,+,C,TATCACC
FS305,13187,+,C,TCACCAC
FS305,13188,+,C,CACCACT
FS305,13468,+,C,AGCCTAG
FS305,13496,+,C,TCACAGG
FS305,14574,+,C,TAACAAT
FS305,14578,+,C,AATCAAT
FS305,14591,+,C,CCCCCAT
FS305,14592,+,C,CCCCATA
FS305,14701,+,C,GACCAAT
FS305,14705,+,G,AATGATA
FS305,14710,+,G,TATGAAA
FS305,15600,+,C,TCCCTAA
FS305,15612,+,G,TAGGAGG
FS305,16234,+,C,TCACACA
FS305,16236,+,C,ACACATC
FS305,16442,-,G,AGAGTAG
FS305,16518,+,G,AGGGTCA
FS306,118,+,G,TATGTCG
FS306,145,+,C,TGCCTCA
FS306,160,+,A,TTTATCG
FS306,171,+,G,TACGTTC
FS306,386,+,C,TAACCAG
FS306,387,+,C,AACCAGA
FS306,388,+,A,ACCAGAT
FS306,389,+,G,CCAGATT
FS306,394,+,C,TTTCAAA
FS306,395,+,A,TTCAAAT
FS306,402,+,A,TTTATCT
FS306,404,+,C,TATCTTT
FS306,409,+,G,TTTGGCG
FS306,410,+,G,TTGGCGG
FS306,445,+,C,TAACACA
FS306,2284,+,C,ACCCTAT
FS306,2612,+,C,TTCCTTA
FS306,3146,-,C,GGCCTTA
FS306,3192,-,G,TAAGTTG
FS306,3462,+,C,CGCCATA
FS306,4048,+,G,TATGACG
FS306,4926,+,C,AGCCTTC
FS306,5837,-,C,GGCCTCT
FS306,6170,+,C,TGCCCCC
FS306,6789,-,C,TTCCTAC
FS306,7029,+,C,GCCCACT
FS306,7031,+,C,CCACTTC
FS306,7035,+,C,TTCCACT
FS306,7037,+,C,CCACTAT
FS306,7039,+,A,ACTATGT
FS306,7041,+,G,TATGTCC
FS306,7043,+,C,TGTCCTA
FS306,7044,+,C,GTCCTAT
FS306,7046,+,A,CCTATCA
FS306,7048,+,C,TATCAAT
FS306,7049,+,A,ATCAATA
FS306,7052,+,A,AATAGGA
FS306,7053,+,G,ATAGGAG
FS306,7054,+,G,TAGGAGC
FS306,7059,+,G,GCTGTAT
FS306,7061,+,A,TGTATTT
FS306,7065,+,G,TTTGCCA
FS306,7067,+,C,TGCCATC
FS306,7070,+,C,CATCATA
FS306,7071,+,A,ATCATAG
FS306,7073,+,A,CATAGGA
FS306,7074,+,G,ATAGGAG
FS306,7075,+,G,TAGGAGG
FS306,7077,+,G,GGAGGCT
FS306,7079,+,C,AGGCTTC
FS306,7082,+,C,CTTCATT
FS306,7083,+,A,TTCATTC
FS306,7086,+,C,ATTCACT
FS306,7087,+,A,TTCACTG
FS306,7088,+,C,TCACTGA
FS306,7090,+,G,ACTGATT
FS306,7096,+,C,TTCCCCT
FS306,7098,+,C,CCCCTAT
FS306,7105,+,C,TCTCAGG
FS306,7122,+,C,GACCAAA
FS306,7133,+,C,CGCCAAA
FS306,7633,-,G,TATGATA
FS306,7693,-,G,TAGGAAG
FS306,7715,-,G,TTAGGAA
FS306,7721,-,G,TGAGTGT
FS306,7723,-,G,TGTGAGT
FS306,7728,-,G,TTTGTTG
FS306,7733,-,G,TTAGTTT
FS306,7737,-,G,TTAGTTA
FS306,7738,-,A,ATTAGTT
FS306,7741,-,A,AGTATTA
FS306,7743,-,G,TTAGTAT
FS306,7747,-,G,GATGTTA
FS306,7750,-,G,TGAGATG
FS306,7752,-,G,TCTGAGA
FS306,7758,-,G,TGAGCGT
FS306,7777,-,G,TCAGACG
FS306,8177,+,G,TCTGAAA
FS306,8186,+,G,TGTGGAG
FS306,8208,+,C,TGCCCAT
FS306,9028,+,C,GGCCACC
FS306,9564,-,C,TGCCTGT
FS306,10839,+,C,ACACAAC
FS306,10843,+,C,AACCACC
FS306,10853,+,C,AGCCTAA
FS306,10872,+,C,TCCCTCT
FS306,10920,+,C,CCCCAAC
FS306,10924,+,C,AACCTTT
FS306,10934,+,G,TCCGACC
FS306,10940,+,C,CCCCTAA
FS306,10944,+,C,TAACAAC
FS306,10951,+,C,CCCCCTC
FS306,10952,+,C,CCCCTCC
FS306,10955,+,C,CTCCTAA
FS306,13088,+,C,GCACTAT
FS306,13093,+,G,ATAGTTG
FS306,13098,+,A,TGTAGCA
FS306,13114,+,C,TTACTCA
FS306,13116,+,C,ACTCATC
FS306,13117,+,A,CTCATCC
FS306,13119,+,C,CATCCGC
FS306,13120,+,C,ATCCGCT
FS306,13121,+,G,TCCGCTT
FS306,13122,+,C,CCGCTTC
FS306,13125,+,C,CTTCCAC
FS306,13126,+,C,TTCCACC
FS306,13127,+,A,TCCACCC
FS306,13128,+,C,CCACCCC
FS306,13129,+,C,CACCCCC
FS306,13130,+,C,ACCCCCT
FS306,13131,+,C,CCCCCTA
FS306,13132,+,C,CCCCTAG
FS306,13135,+,G,CTAGCAG
FS306,13136,+,C,TAGCAGA
FS306,13137,+,A,AGCAGAA
FS306,13138,+,G,GCAGAAA
FS306,13139,+,A,CAGAAAA
FS306,13140,+,A,AGAAAAT
FS306,13144,+,A,AATAGCC
FS306,13147,+,C,AGCCCAC
FS306,13148,+,C,GCCCACT
FS306,13150,+,C,CCACTAA
FS306,13152,+,A,ACTAATC
FS306,13155,+,C,AATCCAA
FS306,13156,+,C,ATCCAAA
FS306,13160,+,C,AAACTCT
FS306,13162,+,C,ACTCTAA
FS306,13164,+,A,TCTAACA
FS306,13166,+,C,TAACACT
FS306,13177,+,G,TTAGGCG
FS306,13183,+,A,GCTATCA
FS306,13185,+,C,TATCACC
FS306,13186,+,A,ATCACCA
FS306,13187,+,C,TCACCAC
FS306,13188,+,C,CACCACT
FS306,13190,+,C,CCACTCT
FS306,13468,+,C,AGCCTAG
FS306,14574,+,C,TAACAAT
FS306,14578,+,C,AATCAAT
FS306,14774,-,G,TTAGGGG
FS306,14794,-,G,TGAGTGG
FS306,14815,-,G,TGGGGTG
FS306,14820,-,G,TTGGATG
FS306,14821,-,G,GTTGGAT
FS306,14824,-,G,GATGTTG
FS306,14827,-,G,GGAGATG
FS306,14829,-,G,GCGGAGA
FS306,14830,-,G,TGCGGAG
FS306,14835,-,C,CATCATG
FS306,14837,-,A,TTCATCA
FS306,14838,-,C,TTTCATC
FS306,14842,-,G,GAAGTTT
FS306,14845,-,G,GCCGAAG
FS306,14846,-,C,AGCCGAA
FS306,14850,-,G,AGTGAGC
FS306,14852,-,G,GGAGTGA
FS306,14854,-,G,AAGGAGT
FS306,14855,-,G,CAAGGAG
FS306,14858,-,C,CGCCAAG
FS306,14911,-,G,TGAGTAG
FS307,145,+,C,TGCCTCA
FS307,171,+,G,TACGTTC
FS307,1234,-,G,TGAGGTT
FS307,1442,+,G,AGAGTAG
FS307,1447,+,G,AGAGTGC
FS307,1450,-,G,TAAGCAC
FS307,1454,+,G,TTAGTTG
FS307,1669,+,G,TCTGAGC
FS307,1678,+,C,AACCTAG
FS307,1680,+,A,CCTAGCC
FS307,1681,+,G,CTAGCCC
FS307,1685,+,C,CCCCAAA
FS307,1691,+,C,ACCCACT
FS307,1702,+,A,CTTACTA
FS307,1707,+,C,TACCAGA
FS307,1719,+,G,TTAGCCA
FS307,1721,+,C,AGCCAAA
FS307,2484,-,G,TAAGATT
FS307,2884,-,G,ATAGTAG
FS307,2889,-,G,TGAGTAT
FS307,3238,-,C,TGCCATC
FS307,4748,-,G,TGAGTAT
FS307,5767,+,C,CCCCGGC
FS307,5768,+,G,CCCGGCA
FS307,5840,-,G,TTAGGCC
FS307,6518,+,C,TGGCATC
FS307,6527,+,A,TATACTA
FS307,6533,+,A,ACTAACA
FS307,6568,+,C,ACCCCGC
FS307,6569,+,C,CCCCGCC
FS307,6570,+,G,CCCGCCG
FS307,6587,+,C,CCCCATT
FS307,6597,+,C,TACCAAC
FS307,7236,+,G,CCCGATG
FS307,7588,-,C,TGCCATT
FS307,7733,-,G,TTAGTTT
FS307,7737,-,G,TTAGTTA
FS307,7743,-,G,TTAGTAT
FS307,7750,-,G,TGAGATG
FS307,7758,-,G,TGAGCGT
FS307,7767,-,A,TCTATTT
FS307,7769,-,C,TTTCTAT
FS307,7773,-,G,ACGGTTT
FS307,7777,-,G,TCAGACG
FS307,7778,-,A,TTCAGAC
FS307,7782,-,G,ATAGTTC
FS307,7783,-,A,GATAGTT
FS307,7786,-,G,CAGGATA
FS307,7787,-,G,GCAGGAT
FS307,7808,-,G,TGAGGAC
FS307,7829,-,G,TGCGTAG
FS307,7858,-,G,ATCGTTG
FS307,7862,-,G,AGGGATC
FS307,7863,-,G,GAGGGAT
FS307,7864,-,G,GGAGGGA
FS307,7866,-,G,AGGGAGG
FS307,7867,-,G,AAGGGAG
FS307,7868,-,G,TAAGGGA
FS307,7872,-,G,ATGGTAA
FS307,7873,-,G,GATGGTA
FS307,7875,-,A,TTGATGG
FS307,7876,-,G,TTTGATG
FS307,7880,-,A,TTGATTT
FS307,7881,-,G,ATTGATT
FS307,7884,-,A,CCAATTG
FS307,7885,-,A,GCCAATT
FS307,7886,-,C,GGCCAAT
FS307,7887,-,C,TGGCCAA
FS307,7889,-,G,GGTGGCC
FS307,7891,-,G,TTGGTGG
FS307,7892,-,G,ATTGGTG
FS307,7895,-,A,ACCATTG
FS307,7896,-,C,TACCATT
FS307,7898,-,A,AGTACCA
FS307,7900,-,G,TCAGTAC
FS307,7901,-,A,TTCAGTA
FS307,7905,-,G,TAGGTTC
FS307,7906,-,G,GTAGGTT
FS307,7909,-,G,CTCGTAG
FS307,7913,-,A,TGTACTC
FS307,7917,-,G,TCGGTGT
FS307,7918,-,G,GTCGGTG
FS307,7919,-,C,AGTCGGT
FS307,7921,-,G,GTAGTCG
FS307,7922,-,A,CGTAGTC
FS307,7931,-,G,TTAGTCC
FS307,8120,-,G,TTAGACG
FS307,8133,-,G,AAAGTGG
FS307,9060,-,G,TAGGGTG
FS307,9094,-,G,TAAGTGT
FS307,9112,-,G,TTAGAAT
FS307,9593,-,G,TGGGACT
FS307,9634,-,G,ATTGATA
FS307,9638,-,G,GGTGATT
FS307,9641,-,G,TCAGGTG
FS307,9643,-,C,GCTCAGG
FS307,9657,-,G,TTAGACT
FS307,9661,-,A,TCTATTA
FS307,9668,-,G,GTTGTTT
FS307,9672,-,G,TTCGGTT
FS307,9677,-,G,TTGGTTT
FS307,9711,-,G,CCAGTAA
FS307,9731,-,G,TAGGAGG
FS307,11125,-,G,TTCGAAG
FS307,11131,-,G,TGTGGTT
FS307,11135,-,G,TAAGTGT
FS307,11151,-,G,ATAGCCA
FS307,12486,+,C,CCCCACA
FS307,12505,+,C,TGCCTAG
FS307,12751,+,C,TTCCAAC
FS307,12828,+,C,TGCCAAC
FS307,13687,-,G,TTAGTAG
FS307,13693,-,G,TGGGGTT
FS307,13707,-,C,TGCCAGG
FS307,13742,-,G,TTAGTAA
FS307,13770,-,G,TTGGAAG
FS307,13798,-,G,TGAGTTT
FS307,13831,-,G,TTAGAAG
FS307,14080,-,C,TGCCTTT
FS307,14770,-,G,GGGGTTA
FS307,14771,-,G,GGGGGTT
FS307,14772,-,G,AGGGGGT
FS307,14773,-,G,TAGGGGG
FS307,14774,-,G,TTAGGGG
FS307,14784,-,A,ATTAATT
FS307,14794,-,G,TGAGTGG
FS307,14803,-,G,GTCGATG
FS307,14810,-,G,TGGGGAG
FS307,14815,-,G,TGGGGTG
FS307,14816,-,G,ATGGGGT
FS307,14820,-,G,TTGGATG
FS307,14821,-,G,GTTGGAT
FS307,14824,-,G,GATGTTG
FS307,14827,-,G,GGAGATG
FS307,14829,-,G,GCGGAGA
FS307,14830,-,G,TGCGGAG
FS307,14837,-,A,TTCATCA
FS307,14838,-,C,TTTCATC
FS307,14842,-,G,GAAGTTT
FS307,14845,-,G,GCCGAAG
FS307,14848,-,G,TGAGCCG
FS307,14850,-,G,AGTGAGC
FS307,14852,-,G,GGAGTGA
FS307,14854,-,G,AAGGAGT
FS307,14858,-,C,CGCCAAG
FS307,15476,-,G,ATAGTGT
FS307,15481,-,G,TGAGAAT
FS307,15502,-,G,TGGGTCG
FS307,15516,-,G,AGGGTAT
FS307,15543,-,G,TGGGGAG
FS307,15946,+,C,TTCCAAG
FS307,15949,+,G,CAAGGAC
FS307,15950,+,G,AAGGACA
FS307,15961,+,G,AGAGAAA
FS307,15975,+,C,TAACTCC
FS307,15991,+,C,ACCCAAA
FS309,128,+,C,TATCTGT
FS309,145,+,C,TGCCTCA
FS309,404,+,C,TATCTTT
FS309,410,+,G,TTGGCGG
FS309,1350,-,C,TGCCACC
FS309,1669,+,G,TCTGAGC
FS309,1678,+,C,AACCTAG
FS309,1681,+,G,CTAGCCC
FS309,1685,+,C,CCCCAAA
FS309,1691,+,C,ACCCACT
FS309,1707,+,C,TACCAGA
FS309,2284,+,C,ACCCTAT
FS309,2470,-,C,TTCCTTT
FS309,2484,-,G,TAAGATT
FS309,2489,-,G,CGGGGTA
FS309,3627,+,C,AGCCACC
FS309,3630,+,C,CACCTCT
FS309,3642,+,C,AGCCGTT
FS309,4748,-,G,TGAGTAT
FS309,4785,-,G,CTAGTTT
FS309,5355,+,C,CGCCTAA
FS309,5840,-,G,TTAGGCC
FS309,6518,+,C,TGGCATC
FS309,6535,+,C,TAACAGA
FS309,6569,+,C,CCCCGCC
FS309,7174,+,C,TAACTTT
FS309,7743,-,G,TTAGTAT
FS309,7750,-,G,TGAGATG
FS309,7758,-,G,TGAGCGT
FS309,7777,-,G,TCAGACG
FS309,7782,-,G,ATAGTTC
FS309,7866,-,G,AGGGAGG
FS309,7867,-,G,AAGGGAG
FS309,7868,-,G,TAAGGGA
FS309,7872,-,G,ATGGTAA
FS309,7876,-,G,TTTGATG
FS309,7881,-,G,ATTGATT
FS309,7886,-,C,GGCCAAT
FS309,7887,-,C,TGGCCAA
FS309,7889,-,G,GGTGGCC
FS309,7891,-,G,TTGGTGG
FS309,7892,-,G,ATTGGTG
FS309,7896,-,C,TACCATT
FS309,7898,-,A,AGTACCA
FS309,7900,-,G,TCAGTAC
FS309,7901,-,A,TTCAGTA
FS309,7902,-,C,GTTCAGT
FS309,7905,-,G,TAGGTTC
FS309,7906,-,G,GTAGGTT
FS309,7909,-,G,CTCGTAG
FS309,7918,-,G,GTCGGTG
FS309,7919,-,C,AGTCGGT
FS309,7921,-,G,GTAGTCG
FS309,7931,-,G,TTAGTCC
FS309,9651,+,C,CACCATA
FS309,9655,+,G,ATAGTCT
FS309,9657,+,C,AGTCTAA
FS309,9657,-,G,TTAGACT
FS309,9719,+,C,TCTCTAT
FS309,10872,+,C,TCCCTCT
FS309,13116,+,C,ACTCATC
FS309,13120,+,C,ATCCGCT
FS309,13126,+,C,TTCCACC
FS309,13127,+,A,TCCACCC
FS309,13130,+,C,ACCCCCT
FS309,13131,+,C,CCCCCTA
FS309,13132,+,C,CCCCTAG
FS309,13147,+,C,AGCCCAC
FS309,13148,+,C,GCCCACT
FS309,13156,+,C,ATCCAAA
FS309,13185,+,C,TATCACC
FS309,13187,+,C,TCACCAC
FS309,13188,+,C,CACCACT
FS309,14815,-,G,TGGGGTG
FS309,14820,-,G,TTGGATG
FS309,14824,-,G,GATGTTG
FS309,14827,-,G,GGAGATG
FS309,14829,-,G,GCGGAGA
FS309,14830,-,G,TGCGGAG
FS309,14837,-,A,TTCATCA
FS309,14838,-,C,TTTCATC
FS309,14842,-,G,GAAGTTT
FS309,14848,-,G,TGAGCCG
FS309,14850,-,G,AGTGAGC
FS309,14854,-,G,AAGGAGT
FS309,14858,-,C,CGCCAAG
FS309,15946,+,C,TTCCAAG
FS309,16234,+,C,TCACACA
FS309,16294,-,G,AGGGTGG
FS309,16339,+,C,GCACATT
FS309,16343,+,A,ATTACAG
FS309,16344,+,C,TTACAGT
FS309,16345,+,A,TACAGTC
FS309,16346,+,G,ACAGTCA
FS309,16348,+,C,AGTCAAA
FS309,16350,+,A,TCAAATC
FS309,16354,+,C,ATCCCTT
FS309,16355,+,C,TCCCTTC
FS309,16358,+,C,CTTCTCG
FS309,16360,+,C,TCTCGTC
FS309,16364,+,C,GTCCCCA
FS309,16365,+,C,TCCCCAT
FS309,16366,+,C,CCCCATG
FS309,16367,+,A,CCCATGG
FS309,16370,+,G,ATGGATG
FS309,16373,+,G,GATGACC
FS309,16374,+,A,ATGACCC
FS309,16375,+,C,TGACCCC
FS309,16376,+,C,GACCCCC
FS309,16377,+,C,ACCCCCC
FS309,16378,+,C,CCCCCCT
FS309,16379,+,C,CCCCCTC
FS309,16380,+,C,CCCCTCA
FS309,16382,+,C,CCTCAGA
FS309,16384,+,G,TCAGATA
FS309,16388,+,G,ATAGGGG
FS309,16389,+,G,TAGGGGT
FS309,16395,+,C,TCCCTTG
FS309,16401,+,C,GACCACC
FS309,16402,+,A,ACCACCA
FS309,16404,+,C,CACCATC
FS310,68,+,G,TGGGGGG
FS310,118,+,G,TATGTCG
FS310,121,+,G,GTCGCAG
FS310,130,+,G,TCTGTCT
FS310,136,+,G,TTTGATT
FS310,145,+,C,TGCCTCA
FS310,147,+,C,CCTCATC
FS310,160,+,A,TTTATCG
FS310,3192,-,G,TAAGTTG
FS310,3204,-,G,TGGGTAT
FS310,3238,-,C,TGCCATC
FS310,6803,-,G,TGTGTCT
FS310,7059,+,G,GCTGTAT
FS310,7067,+,C,TGCCATC
FS310,7074,+,G,ATAGGAG
FS310,7733,-,G,TTAGTTT
FS310,7737,-,G,TTAGTTA
FS310,7743,-,G,TTAGTAT
FS310,7750,-,G,TGAGATG
FS310,7758,-,G,TGAGCGT
FS310,7767,-,A,TCTATTT
FS310,7769,-,C,TTTCTAT
FS310,7774,-,G,GACGGTT
FS310,7777,-,G,TCAGACG
FS310,7778,-,A,TTCAGAC
FS310,7792,-,G,GGCGGGC
FS310,7794,-,G,ATGGCGG
FS310,7801,-,G,TAGGATG
FS310,7808,-,G,TGAGGAC
FS310,7825,-,G,TAGGGAT
FS310,16282,-,G,TTTGTTG
FS326,1,-,C,GATCCAT
FS326,4,-,G,TGTGATC
FS326,34,-,C,TCCCGTG
FS326,126,+,A,AGTATCT
FS326,128,+,C,TATCTGT
FS326,132,+,C,TGTCTTT
FS326,141,+,C,TTCCTGC
FS326,145,+,C,TGCCTCA
FS326,151,+,C,ATCCTAT
FS326,296,+,C,TTCCACC
FS326,313,+,C,TCCCCCG
FS326,314,+,C,CCCCCGC
FS326,315,+,C,CCCCGCT
FS326,322,-,C,GGCCAGA
FS326,325,+,C,GGCCACA
FS326,349,+,C,TGCCAAA
FS326,356,+,C,CCCCAAA
FS326,382,+,C,AGCCTAA
FS326,386,+,C,TAACCAG
FS326,387,+,C,AACCAGA
FS326,394,+,C,TTTCAAA
FS326,404,+,C,TATCTTT
FS326,573,-,G,TGTGGGG
FS326,587,-,G,TAAGCTA
FS326,605,-,A,TGTATTG
FS326,611,-,C,TTTCAGT
FS326,657,-,C,GACCAAA
FS326,748,-,C,TTCCTTT
FS326,853,-,G,TTAGTTA
FS326,902,-,C,TGACCGC
FS326,915,-,G,TGGGTTA
FS326,925,-,A,TCTATTG
FS326,933,-,C,CGCCGGC
FS326,1169,-,C,GTCCTTT
FS326,1175,-,C,CGCCAGG
FS326,1350,-,C,TGCCACC
FS326,1462,-,C,GCCCTGT
FS326,1463,-,C,GGCCCTG
FS326,1685,+,C,CCCCAAA
FS326,1721,+,C,AGCCAAA
FS326,1923,+,C,TACCTAA
FS326,1978,+,A,TTTATAG
FS326,2435,-,C,TGCCTGT
FS326,2470,-,C,TTCCTTT
FS326,2494,+,C,CGCCTGT
FS326,2697,-,C,CGCCTCT
FS326,2700,-,C,GCCCGCC
FS326,2708,-,G,TGTGTTA
FS326,3054,-,C,GGACTTT
FS326,3056,-,G,TAGGACT
FS326,3068,-,C,ACTCAGA
FS326,3179,-,C,TATCATT
FS326,3192,-,G,TAAGTTG
FS326,3204,-,G,TGGGTAT
FS326,3206,-,G,TGTGGGT
FS326,3238,-,C,TGCCATC
FS326,4515,-,C,TGCCTGC
FS326,4560,+,G,TGAGTAG
FS326,4637,+,C,TGCCATC
FS326,4830,-,C,TGCCTTG
FS326,4936,+,C,TCACTCT
FS326,4952,+,C,ATCCATC
FS326,5182,+,C,TAACATG
FS326,5191,+,C,TAACACC
FS326,5203,+,C,TTCCATC
FS326,5718,-,C,AGCCAGT
FS326,5768,-,C,TGCCGGG
FS326,5827,-,C,TACCAGC
FS326,6179,-,C,CGCCATA
FS326,6386,+,C,GGCCATC
FS326,6464,+,C,ATCCGTC
FS326,6498,+,C,TCTCTCC
FS326,6502,+,C,TCCCAGT
FS326,6516,-,C,TGCCAGC
FS326,6518,+,C,TGGCATC
FS326,6568,+,C,ACCCCGC
FS326,6569,+,C,CCCCGCC
FS326,6572,+,C,CGCCGGA
FS326,6789,-,C,TTCCTAC
FS326,6795,-,C,CGTCTAT
FS326,6801,-,C,TGTCTAC
FS326,6966,-,C,TGCCAGT
FS326,7031,+,C,CCACTTC
FS326,7035,+,C,TTCCACT
FS326,7044,+,C,GTCCTAT
FS326,7048,+,C,TATCAAT
FS326,7067,+,C,TGCCATC
FS326,7116,+,C,ACCCTAG
FS326,7133,+,C,CGCCAAA
FS326,7548,-,C,TGACAAA
FS326,7588,-,C,TGCCATT
FS326,7723,-,G,TGTGAGT
FS326,7728,-,G,TTTGTTG
FS326,7733,-,G,TTAGTTT
FS326,7737,-,G,TTAGTTA
FS326,7738,-,A,ATTAGTT
FS326,7743,-,G,TTAGTAT
FS326,7750,-,G,TGAGATG
FS326,7758,-,G,TGAGCGT
FS326,7840,-,G,TATGTAA
FS326,7864,+,C,TCCCTCC
FS326,7868,+,C,TCCCTTA
FS326,7873,+,C,TACCATC
FS326,7886,-,C,GGCCAAT
FS326,7889,+,C,GGCCACC
FS326,8186,+,G,TGTGGAG
FS326,8208,+,C,TGCCCAT
FS326,8209,+,C,GCCCATC
FS326,8295,+,C,GCCCACT
FS326,8391,-,C,GGCCATA
FS326,8748,+,C,ATCCTTA
FS326,8766,+,C,TGCCACA
FS326,9015,+,C,TAACATT
FS326,9028,+,C,GGCCACC
FS326,9356,-,G,TGTGTTG
FS326,9360,-,G,TTAGTGT
FS326,9365,-,G,TATGGTT
FS326,9367,-,A,TATATGG
FS326,9379,-,C,CGCCATC
FS326,9387,-,C,TTACATC
FS326,9564,-,C,TGCCTGT
FS326,9744,-,C,ACTCTGA
FS326,9777,-,C,TGCCGTC
FS326,9782,-,G,GTAGATG
FS326,9806,-,G,TGTGGCT
FS326,9810,-,C,AGCCTGT
FS326,9870,+,C,CGCCAAC
FS326,10920,+,C,CCCCAAC
FS326,11332,+,C,AGCCAAC
FS326,11474,-,C,CGCCTAG
FS326,11588,+,C,TGCCTAC
FS326,11655,+,C,TAACAGC
FS326,12505,+,C,TGCCTAG
FS326,12557,-,G,TGGGTTG
FS326,12828,+,C,TGCCAAC
FS326,13126,+,C,TTCCACC
FS326,13130,+,C,ACCCCCT
FS326,13132,+,C,CCCCTAG
FS326,13148,+,C,GCCCACT
FS326,13288,-,C,TGCCGAT
FS326,13462,-,C,TGCCAAT
FS326,13707,-,C,TGCCAGG
FS326,13972,+,C,AGCCAAA
FS326,14080,-,C,TGCCTTT
FS326,14217,-,G,TTAGTAG
FS326,14574,+,C,TAACAAT
FS326,14588,+,C,AAACCCC
FS326,14592,+,C,CCCCATA
FS326,14701,+,C,GACCAAT
FS326,14858,-,C,CGCCAAG
FS326,14902,+,C,AGCCATG
FS326,14932,+,C,CGCCTTT
FS326,14947,+,C,CGCCCAC
FS326,14990,+,C,TACCTTC
FS326,14998,+,C,CGCCAAT
FS326,15026,+,C,TGCCTCT
FS326,15033,-,A,TGTAGGA
FS326,15035,-,G,TGTGTAG
FS326,15050,+,C,GGCCTAT
FS326,15600,+,C,TCCCTAA
FS326,15604,+,C,TAACAAA
FS326,15637,+,C,ATCCATC
FS326,16106,-,C,TGGCAGT
FS326,16107,-,G,CTGGCAG
FS326,16236,+,C,ACACATC
FS326,16255,-,C,TGGCTTT
FS326,16262,-,G,TGAGGGG
FS326,16273,-,C,ATCCTAG
FS326,16274,-,C,TATCCTA
FS326,16282,-,G,TTTGTTG
FS326,16286,-,G,TAGGTTT
FS326,16290,-,G,TGGGTAG
FS326,16294,-,G,AGGGTGG
FS326,16295,-,G,AAGGGTG
FS326,16301,-,G,ACTGTTA
FS326,16303,-,C,GTACTGT
FS326,16304,-,A,TGTACTG
FS326,16306,-,G,TATGTAC
FS326,16308,-,A,ACTATGT
FS326,16310,-,C,GTACTAT
FS326,16311,-,A,TGTACTA
FS326,16313,-,G,TATGTAC
FS326,16315,-,A,TTTATGT
FS326,16319,-,C,TGGCTTT
FS326,16323,-,A,TAAATGG
FS326,16327,-,G,ACGGTAA
FS326,16328,-,G,TACGGTA
FS326,16329,-,C,GTACGGT
FS326,16330,-,A,TGTACGG
FS326,16332,-,G,TATGTAC
FS326,16334,-,A,GCTATGT
FS326,16336,-,C,GTGCTAT
FS326,16337,-,G,TGTGCTA
FS326,16342,-,A,TGTAATG
FS326,16346,-,C,TGACTGT
FS326,16348,-,G,TTTGACT
FS326,16353,-,G,AGGGATT
FS326,16355,+,C,TCCCTTC
FS326,16358,-,G,CGAGAAG
FS326,16361,-,C,GGACGAG
FS326,16362,-,A,GGGACGA
FS326,16364,-,G,TGGGGAC
FS326,16365,-,G,ATGGGGA
FS326,16366,+,C,CCCCATG
FS326,16368,-,A,TCCATGG
FS326,16369,-,C,ATCCATG
FS326,16373,-,C,GGTCATC
FS326,16375,+,C,TGACCCC
FS326,16376,-,G,GGGGGTC
FS326,16377,+,C,ACCCCCC
FS326,16380,-,G,TGAGGGG
FS326,16382,-,G,TCTGAGG
FS326,16384,-,C,TATCTGA
FS326,16386,-,A,CCTATCT
FS326,16388,-,C,CCCCTAT
FS326,16389,-,C,ACCCCTA
FS326,16390,-,C,GACCCCT
FS326,16391,-,C,GGACCCC
FS326,16393,-,G,AGGGACC
FS326,16398,-,C,GGTCAAG
FS326,16401,+,C,GACCACC
FS326,16401,-,G,GGTGGTC
FS326,16403,-,G,ATGGTGG
FS326,16404,-,G,GATGGTG
FS326,16406,-,A,AGGATGG
FS326,16407,-,G,GAGGATG
FS326,16410,-,G,ACGGAGG
FS326,16412,-,C,TCACGGA
FS326,16413,-,A,TTCACGG
FS326,16414,-,C,TTTCACG
FS326,16418,-,A,TTGATTT
FS326,16419,-,G,ATTGATT
FS326,16422,-,A,GATATTG
FS326,16425,-,G,CGGGATA
FS326,16426,-,G,GCGGGAT
FS326,16428,-,C,GTGCGGG
FS326,16429,-,G,TGTGCGG
FS326,16434,-,C,ACTCTTG
FS326,16436,-,C,GCACTCT
FS326,16437,-,A,AGCACTC
FS326,16438,-,C,TAGCACT
FS326,16439,-,G,GTAGCAC
FS326,16440,-,A,AGTAGCA
FS326,16442,-,G,AGAGTAG
FS326,16443,-,A,GAGAGTA
FS326,16444,-,G,GGAGAGT
FS326,16445,-,A,AGGAGAG
FS326,16446,-,G,GAGGAGA
FS326,16447,-,G,CGAGGAG
FS326,16452,-,A,CGGAGCG
FS326,16459,+,C,GGCCCAT
FS326,16460,+,C,GCCCATA
FS326,16494,+,C,TATCCGA
FS326,16495,+,C,ATCCGAC
FS326,16508,+,C,TTCCTAC
FS326,16520,+,C,GGTCATA
FS326,16528,+,C,AGCCTAA
FS326,16537,+,C,AGCCCAC
FS326,16538,+,C,GCCCACA
FS326,16548,+,C,TCCCCTT
FS326,16565,+,C,TCACGAT
FS326,16569,+,G,GATGGAT
FS327,1,-,C,GATCCAT
FS327,4,-,G,TGTGATC
FS327,120,+,C,TGTCGCA
FS327,145,+,C,TGCCTCA
FS327,171,+,G,TACGTTC
FS327,325,+,C,GGCCACA
FS327,349,+,C,TGCCAAA
FS327,382,+,C,AGCCTAA
FS327,387,+,C,AACCAGA
FS327,404,+,C,TATCTTT
FS327,602,-,G,ATTGCTT
FS327,1721,+,C,AGCCAAA
FS327,1731,+,A,TTTACCC
FS327,1765,+,C,AACCTGG
FS327,1786,+,C,TACCGCA
FS327,3206,-,G,TGTGGGT
FS327,3238,-,C,TGCCATC
FS327,3462,+,C,CGCCATA
FS327,4560,+,G,TGAGTAG
FS327,5203,+,C,TTCCATC
FS327,5271,+,G,ATCGAAG
FS327,5355,+,C,CGCCTAA
FS327,6034,+,C,AGCCAGG
FS327,6498,+,C,TCTCTCC
FS327,6527,+,A,TATACTA
FS327,6568,+,C,ACCCCGC
FS327,6569,+,C,CCCCGCC
FS327,6572,+,C,CGCCGGA
FS327,6587,+,C,CCCCATT
FS327,6597,+,C,TACCAAC
FS327,7031,+,C,CCACTTC
FS327,7035,+,C,TTCCACT
FS327,7041,+,G,TATGTCC
FS327,7044,+,C,GTCCTAT
FS327,7054,+,G,TAGGAGC
FS327,7061,+,A,TGTATTT
FS327,7065,+,G,TTTGCCA
FS327,7067,+,C,TGCCATC
FS327,7075,+,G,TAGGAGG
FS327,7122,+,C,GACCAAA
FS327,7133,+,C,CGCCAAA
FS327,7174,+,C,TAACTTT
FS327,7200,+,C,GGCCTAT
FS327,7733,-,G,TTAGTTT
FS327,7741,-,A,AGTATTA
FS327,7743,-,G,TTAGTAT
FS327,7758,-,G,TGAGCGT
FS327,7840,-,G,TATGTAA
FS327,8019,+,C,TCCCGAT
FS327,8186,+,G,TGTGGAG
FS327,9360,-,G,TTAGTGT
FS327,9777,-,C,TGCCGTC
FS327,9806,-,G,TGTGGCT
FS327,9810,-,C,AGCCTGT
FS327,10920,+,C,CCCCAAC
FS327,10940,+,C,CCCCTAA
FS327,10986,+,C,TCACAAT
FS327,11000,+,C,AGCCAAC
FS327,11045,+,C,TACCTCT
FS327,11054,+,C,ATACTAA
FS327,11063,+,C,TCCCTAC
FS327,11095,+,C,AGCCACA
FS327,11789,+,C,ATCCTCT
FS327,12505,+,C,TGCCTAG
FS327,12760,+,A,TTCATCG
FS327,12828,+,C,TGCCAAC
FS327,12840,+,C,AGCCATT
FS327,13126,+,C,TTCCACC
FS327,13130,+,C,ACCCCCT
FS327,13131,+,C,CCCCCTA
FS327,13132,+,C,CCCCTAG
FS327,13148,+,C,GCCCACT
FS327,13156,+,C,ATCCAAA
FS327,13270,-,G,TGAGTCC
FS327,13468,+,C,AGCCTAG
FS327,13545,-,G,TGTGTAT
FS327,13561,+,C,GCCCTAT
FS327,13567,+,A,TCTATTA
FS327,13575,+,C,TCTCATC
FS327,13579,+,G,ATCGCTA
FS327,13650,+,C,CCCCACC
FS327,13982,+,C,TGCCCCT
FS327,14093,-,A,TAAAGTT
FS327,14125,-,G,TTAGGAT
FS327,14217,-,G,TTAGTAG
FS327,14292,+,C,CTTCATA
FS327,14323,+,G,AAAGTTT
FS327,14331,+,C,CCACAAC
FS327,14338,+,C,CACCACC
FS327,14455,+,C,AGCCATC
FS327,14574,+,C,TAACAAT
FS327,14578,+,C,AATCAAT
FS327,14590,+,C,ACCCCCA
FS327,14591,+,C,CCCCCAT
FS327,14592,+,C,CCCCATA
FS327,14601,+,G,TAGGAGA
FS327,14623,+,C,CCCCACA
FS327,14701,+,C,GACCAAT
FS327,14710,+,G,TATGAAA
FS327,14721,+,G,ATCGTTG
FS327,14902,+,C,AGCCATG
FS327,14932,+,C,CGCCTTT
FS327,14938,+,A,TTCATCA
FS327,14957,+,C,ACTCGAG
FS327,14981,+,A,ATCATCC
FS327,15026,+,C,TGCCTCT
FS327,15050,+,C,GGCCTAT
FS327,15068,+,C,TTTCTCT
FS327,15070,+,C,TCTCTAC
FS327,15076,+,A,CTCAGAA
FS327,15082,+,C,AACCTGA
FS327,16168,-,G,TTGGGTT
FS327,16174,-,G,TGTGGAT
FS327,16282,-,G,TTTGTTG
FS327,16286,-,G,TAGGTTT
FS327,16290,-,G,TGGGTAG
FS327,16294,-,G,AGGGTGG
FS327,16328,-,G,TACGGTA
FS327,16330,-,A,TGTACGG
FS327,16337,-,G,TGTGCTA
FS327,16340,+,A,CACATTA
FS327,16345,+,A,TACAGTC
FS327,16348,+,C,AGTCAAA
FS327,16364,-,G,TGGGGAC
FS327,16376,-,G,GGGGGTC
FS327,16379,+,C,CCCCCTC
FS327,16380,-,G,TGAGGGG
FS327,16382,-,G,TCTGAGG
FS327,16384,+,G,TCAGATA
FS327,16401,+,C,GACCACC
FS327,16404,-,G,GATGGTG
FS327,16413,-,A,TTCACGG
FS327,16414,-,C,TTTCACG
FS327,16422,-,A,GATATTG
FS327,16425,-,G,CGGGATA
FS327,16426,-,G,GCGGGAT
FS327,16429,-,G,TGTGCGG
FS327,16440,-,A,AGTAGCA
FS327,16442,-,G,AGAGTAG
FS327,16446,-,G,GAGGAGA
FS327,16459,+,C,GGCCCAT
FS327,16460,+,C,GCCCATA
FS327,16465,+,C,TAACACT
FS327,16467,+,C,ACACTTG
FS327,16471,+,G,TTGGGGG
FS327,16472,+,G,TGGGGGT
FS327,16488,+,C,GAACTGT
FS327,16490,+,G,ACTGTAT
FS327,16495,+,C,ATCCGAC
FS327,16496,+,G,TCCGACA
FS327,16508,+,C,TTCCTAC
FS327,16538,+,C,GCCCACA
FS327,16561,+,A,GACATCA
FS329,1,-,C,GATCCAT
FS329,126,+,A,AGTATCT
FS329,128,+,C,TATCTGT
FS329,141,+,C,TTCCTGC
FS329,145,+,C,TGCCTCA
FS329,349,+,C,TGCCAAA
FS329,597,-,G,TTTGAGG
FS329,602,-,G,ATTGCTT
FS329,605,-,A,TGTATTG
FS329,611,-,C,TTTCAGT
FS329,657,-,C,GACCAAA
FS329,748,-,C,TTCCTTT
FS329,891,+,C,TGCCAGC
FS329,1169,-,C,GTCCTTT
FS329,1175,-,C,CGCCAGG
FS329,1544,+,A,TTTATAT
FS329,1685,+,C,CCCCAAA
FS329,1691,+,C,ACCCACT
FS329,1696,+,C,CTCCACC
FS329,1705,+,A,ACTACCA
FS329,1707,+,C,TACCAGA
FS329,1721,+,C,AGCCAAA
FS329,1734,+,C,ACCCAAA
FS329,1764,+,C,AAACCTG
FS329,1765,+,C,AACCTGG
FS329,2015,+,G,ATAGCTG
FS329,2435,-,C,TGCCTGT
FS329,2494,+,C,CGCCTGT
FS329,2985,-,G,GAGGTCG
FS329,3192,-,G,TAAGTTG
FS329,3204,-,G,TGGGTAT
FS329,3206,-,G,TGTGGGT
FS329,3238,-,C,TGCCATC
FS329,5203,+,C,TTCCATC
FS329,5753,-,C,CGCCTTT
FS329,5767,+,C,CCCCGGC
FS329,5949,-,C,TTCCAAT
FS329,6569,+,C,CCCCGCC
FS329,6789,-,C,TTCCTAC
FS329,6799,-,A,TCTACGT
FS329,6966,-,C,TGCCAGT
FS329,7031,+,C,CCACTTC
FS329,7035,+,C,TTCCACT
FS329,7041,+,G,TATGTCC
FS329,7044,+,C,GTCCTAT
FS329,7048,+,C,TATCAAT
FS329,7067,+,C,TGCCATC
FS329,7074,+,G,ATAGGAG
FS329,7083,+,A,TTCATTC
FS329,7116,+,C,ACCCTAG
FS329,7133,+,C,CGCCAAA
FS329,7588,-,C,TGCCATT
FS329,7728,-,G,TTTGTTG
FS329,7733,-,G,TTAGTTT
FS329,7737,-,G,TTAGTTA
FS329,7738,-,A,ATTAGTT
FS329,7741,-,A,AGTATTA
FS329,7743,-,G,TTAGTAT
FS329,7750,-,G,TGAGATG
FS329,7752,-,G,TCTGAGA
FS329,7756,-,G,AGCGTCT
FS329,7758,-,G,TGAGCGT
FS329,7808,-,G,TGAGGAC
FS329,7824,-,G,AGGGATG
FS329,7840,-,G,TATGTAA
FS329,7845,-,G,TCTGTTA
FS329,7886,-,C,GGCCAAT
FS329,8160,+,A,TATACTA
FS329,8177,+,G,TCTGAAA
FS329,8186,+,G,TGTGGAG
FS329,8194,+,C,AAACCAC
FS329,8208,+,C,TGCCCAT
FS329,8209,+,C,GCCCATC
FS329,9028,+,C,GGCCACC
FS329,9348,-,G,TTAGTAG
FS329,9360,-,G,TTAGTGT
FS329,9564,-,C,TGCCTGT
FS329,9643,-,C,GCTCAGG
FS329,9731,-,G,TAGGAGG
FS329,9777,-,C,TGCCGTC
FS329,9802,-,A,GCTACAA
FS329,9806,-,G,TGTGGCT
FS329,9810,-,C,AGCCTGT
FS329,12505,+,C,TGCCTAG
FS329,12557,-,G,TGGGTTG
FS329,12828,+,C,TGCCAAC
FS329,12840,+,C,AGCCATT
FS329,13126,+,C,TTCCACC
FS329,13130,+,C,ACCCCCT
FS329,13131,+,C,CCCCCTA
FS329,13132,+,C,CCCCTAG
FS329,13148,+,C,GCCCACT
FS329,13185,+,C,TATCACC
FS329,13561,+,C,GCCCTAT
FS329,13567,+,A,TCTATTA
FS329,13576,+,A,CTCATCG
FS329,13588,+,C,TCCCTGA
FS329,14283,+,C,ACCCCTC
FS329,14284,+,C,CCCCTCT
FS329,14701,+,C,GACCAAT
FS329,14754,+,C,CCCCAAT
FS329,14812,+,C,CCCCACC
FS329,14815,-,G,TGGGGTG
FS329,14820,-,G,TTGGATG
FS329,14824,-,G,GATGTTG
FS329,14829,-,G,GCGGAGA
FS329,14838,-,C,TTTCATC
FS329,14850,-,G,AGTGAGC
FS329,14854,-,G,AAGGAGT
FS329,14858,-,C,CGCCAAG
FS329,14884,-,G,TGTGGTG
FS329,14911,-,G,TGAGTAG
FS329,14932,+,C,CGCCTTT
FS329,14946,-,G,TGGGCGA
FS329,14947,+,C,CGCCCAC
FS329,14990,+,C,TACCTTC
FS329,15007,+,C,CGCCTCA
FS329,15026,+,C,TGCCTCT
FS329,15033,-,A,TGTAGGA
FS329,15035,-,G,TGTGTAG
FS329,15050,+,C,GGCCTAT
FS329,15070,+,C,TCTCTAC
FS329,15543,-,G,TGGGGAG
FS329,15733,+,C,AGCCGCA
FS329,16255,-,C,TGGCTTT
FS329,16286,-,G,TAGGTTT
FS329,16290,-,G,TGGGTAG
FS329,16294,-,G,AGGGTGG
FS329,16296,-,G,TAAGGGT
FS329,16301,-,G,ACTGTTA
FS329,16304,-,A,TGTACTG
FS329,16306,-,G,TATGTAC
FS329,16308,-,A,ACTATGT
FS329,16311,-,A,TGTACTA
FS329,16313,-,G,TATGTAC
FS329,16315,-,A,TTTATGT
FS329,16323,-,A,TAAATGG
FS329,16327,-,G,ACGGTAA
FS329,16328,-,G,TACGGTA
FS329,16329,-,C,GTACGGT
FS329,16330,-,A,TGTACGG
FS329,16332,-,G,TATGTAC
FS329,16334,-,A,GCTATGT
FS329,16336,-,C,GTGCTAT
FS329,16337,-,G,TGTGCTA
FS329,16342,-,A,TGTAATG
FS329,16346,-,C,TGACTGT
FS329,16348,-,G,TTTGACT
FS329,16353,-,G,AGGGATT
FS329,16360,-,G,GACGAGA
FS329,16361,-,C,GGACGAG
FS329,16363,-,G,GGGGACG
FS329,16364,-,G,TGGGGAC
FS329,16368,-,A,TCCATGG
FS329,16369,-,C,ATCCATG
FS329,16370,-,C,CATCCAT
FS329,16373,-,C,GGTCATC
FS329,16375,-,G,GGGGTCA
FS329,16376,-,G,GGGGGTC
FS329,16380,-,G,TGAGGGG
FS329,16382,-,G,TCTGAGG
FS329,16388,-,C,CCCCTAT
FS329,16389,-,C,ACCCCTA
FS329,16390,-,C,GACCCCT
FS329,16391,-,C,GGACCCC
FS329,16393,-,G,AGGGACC
FS329,16398,-,C,GGTCAAG
FS329,16400,-,G,GTGGTCA
FS329,16401,+,C,GACCACC
FS329,16401,-,G,GGTGGTC
FS329,16403,-,G,ATGGTGG
FS329,16404,-,G,GATGGTG
FS329,16407,-,G,GAGGATG
FS329,16408,-,G,GGAGGAT
FS329,16410,-,G,ACGGAGG
FS329,16411,-,G,CACGGAG
FS329,16412,-,C,TCACGGA
FS329,16413,-,A,TTCACGG
FS329,16414,-,C,TTTCACG
FS329,16418,-,A,TTGATTT
FS329,16419,-,G,ATTGATT
FS329,16422,-,A,GATATTG
FS329,16425,-,G,CGGGATA
FS329,16426,-,G,GCGGGAT
FS329,16427,-,G,TGCGGGA
FS329,16429,-,G,TGTGCGG
FS329,16434,-,C,ACTCTTG
FS329,16437,-,A,AGCACTC
FS329,16439,-,G,GTAGCAC
FS329,16440,-,A,AGTAGCA
FS329,16442,-,G,AGAGTAG
FS329,16444,-,G,GGAGAGT
FS329,16445,-,A,AGGAGAG
FS329,16446,-,G,GAGGAGA
FS329,16452,-,A,CGGAGCG
FS329,16454,-,G,CCCGGAG
FS329,16460,+,C,GCCCATA
FS329,16508,+,C,TTCCTAC
FS329,16528,+,C,AGCCTAA
FS329,16547,+,C,TTCCCCT
FS329,16565,+,C,TCACGAT
