pos,strand,library,cat,ours_count,ours_ef,paper_ef,paper_count,ef_pubtotal,abs_dev,rel_dev_pct,dev_pubtotal_pct
7067,+,FS185,CD4+T,62,7.1703,7.0224,61,7.1375,0.1479,2.1061,1.6393
7067,+,FS186,CD4+T,286,12.9715,12.8923,289,12.7585,0.0791,0.6138,-1.0381
7067,+,FS187,CD4+T,13,22.0558,23.5587,13,23.5587,1.5029,-6.3793,0.0
7067,+,FS188,CD4+T,11,15.2161,15.8998,11,15.8998,0.6836,-4.2995,-0.0
7067,+,FS189,CD4+T,38,28.3895,28.3053,38,28.3053,0.0842,0.2976,0.0
7067,+,FS193,HCT116,12,8.1227,8.1584,12,8.1584,0.0357,-0.4371,-0.0
7067,+,FS195,WB-GTP-control,50,37.107,38.8033,50,38.8033,1.6963,-4.3716,-0.0
7067,+,FS196,WB-GTP-PTSD,166,52.4026,55.8622,167,55.5277,3.4596,-6.1932,-0.5988
7067,+,FS197,hESC-H9,53,40.5353,45.1921,52,46.0612,4.6568,-10.3045,1.9231
7067,+,FS198,hESC-H9,15,20.6545,26.1947,15,26.1947,5.5402,-21.1502,0.0
7067,+,FS199,hESC-H9,32,49.4782,65.5954,32,65.5954,16.1173,-24.5707,0.0
7067,+,FS201,hESC-H9,17,25.7236,36.6571,18,34.6206,10.9335,-29.8265,-5.5556
7067,+,FS203,HEK293T,33,19.1502,21.3009,34,20.6744,2.1507,-10.0969,-2.9412
7067,+,FS257,DLTB,6,0.0904,0.0903,6,0.0903,0.0001,0.1603,0.0
7067,+,FS258,TLTB,5,0.1377,0.1378,5,0.1378,0.0001,-0.062,0.0
7067,+,FS259,DLTB,102,0.3649,0.3622,102,0.3622,0.0026,0.7206,0.0
7067,+,FS260,TLTB,104,0.5682,0.5628,104,0.5628,0.0054,0.9668,0.0
7067,+,FS261,DLTB,29,0.3813,0.3862,29,0.3862,0.0049,-1.2712,0.0
7067,+,FS262,TLTB,54,0.4893,0.4857,53,0.4948,0.0036,0.7391,1.8868
7067,+,FS263,DLTB,470,2.0437,2.0532,470,2.0532,0.0094,-0.4598,-0.0
7067,+,FS264,TLTB,331,1.7037,1.7098,331,1.7098,0.0061,-0.3588,0.0
7067,+,FS300,RNH2A-KO-T3-8,333,30.8118,30.4132,329,30.783,0.3986,1.3108,1.2158
7067,+,FS301,RNH2A-KO-T3-17,778,49.1587,49.053,777,49.1162,0.1056,0.2154,0.1287
7067,+,FS303,hESC-H9,1693,69.6777,68.5684,1693,68.5684,1.1093,1.6178,-0.0
7067,+,FS305,HEK293T,3058,36.2203,35.8445,3056,35.8679,0.3759,1.0486,0.0654
7067,+,FS306,RNH2A-KO-T3-8,873,99.7135,98.3883,871,98.6142,1.3252,1.3469,0.2296
7067,+,FS307,RNH2A-KO-T3-17,4,0.5645,0.5547,4,0.5547,0.0097,1.7562,-0.0
7067,+,FS309,RNH2A-KO-T3-8,29,9.2431,9.2335,29,9.2335,0.0096,0.1039,0.0
7067,+,FS310,RNH2A-KO-T3-17,10,35.4114,34.7723,10,34.7723,0.6391,1.838,0.0
7067,+,FS326,HEK293T,190,17.3482,16.8984,189,16.9878,0.4498,2.6619,0.5291
7067,+,FS327,RNH2A-KO-T3-8,43,18.7625,18.6593,43,18.6593,0.1032,0.553,0.0
7067,+,FS329,RNH2A-KO-T3-17,130,29.6768,29.2957,130,29.2957,0.381,1.3006,0.0
7758,-,FS185,CD4+T,49,5.6668,5.5258,48,5.6409,0.141,2.5522,2.0833
7758,-,FS186,CD4+T,465,21.09,20.6991,464,20.7437,0.3909,1.8883,0.2155
7758,-,FS187,CD4+T,68,115.3688,123.23,68,123.23,7.8612,-6.3793,0.0
7758,-,FS188,CD4+T,22,30.4323,31.7995,22,31.7995,1.3672,-4.2995,0.0
7758,-,FS189,CD4+T,83,62.0086,61.8246,83,61.8246,0.184,0.2976,0.0
7758,-,FS193,HCT116,170,115.0719,116.257,171,115.5771,1.1851,-1.0194,-0.5848
7758,-,FS195,WB-GTP-control,34,25.2327,26.3862,34,26.3862,1.1535,-4.3716,0.0
7758,-,FS196,WB-GTP-PTSD,115,36.303,38.468,115,38.468,2.165,-5.6281,0.0
7758,-,FS197,hESC-H9,59,45.1242,51.2757,59,51.2757,6.1515,-11.9969,-0.0
7758,-,FS198,hESC-H9,15,20.6545,26.1947,15,26.1947,5.5402,-21.1502,0.0
7758,-,FS199,hESC-H9,4,6.1848,8.1994,4,8.1994,2.0147,-24.5707,0.0
7758,-,FS201,hESC-H9,21,31.7762,42.7666,21,42.7666,10.9904,-25.6986,-0.0
7758,-,FS203,HEK293T,79,45.8445,49.4934,79,49.4934,3.6489,-7.3725,-0.0
7758,-,FS257,DLTB,586,8.8338,8.8046,585,8.8197,0.0292,0.3315,0.1709
7758,-,FS258,TLTB,212,5.8398,5.8434,212,5.8434,0.0036,-0.062,0.0
7758,-,FS259,DLTB,1153,4.1243,4.0877,1151,4.0948,0.0366,0.8956,0.1738
7758,-,FS260,TLTB,732,3.9996,3.9613,732,3.9613,0.0383,0.9668,-0.0
7758,-,FS261,DLTB,276,3.6289,3.6623,275,3.6757,0.0334,-0.9122,0.3636
7758,-,FS262,TLTB,516,4.6752,4.7285,516,4.7285,0.0533,-1.1264,0.0
7758,-,FS263,DLTB,884,3.8439,3.8486,881,3.8617,0.0047,-0.1209,0.3405
7758,-,FS264,TLTB,882,4.5397,4.5561,882,4.5561,0.0163,-0.3588,-0.0
7758,-,FS300,RNH2A-KO-T3-8,316,29.2389,29.2115,316,29.2115,0.0274,0.0938,-0.0
7758,-,FS301,RNH2A-KO-T3-17,555,35.0682,34.9747,554,35.0379,0.0935,0.2672,0.1805
7758,-,FS303,hESC-H9,128,5.268,5.1841,128,5.1841,0.0839,1.6178,0.0
7758,-,FS305,HEK293T,960,11.3707,11.2366,958,11.26,0.1341,1.1933,0.2088
7758,-,FS306,RNH2A-KO-T3-8,337,38.4919,38.0676,337,38.0676,0.4243,1.1147,-0.0
7758,-,FS307,RNH2A-KO-T3-17,205,28.929,28.4298,205,28.4298,0.4993,1.7562,0.0
7758,-,FS309,RNH2A-KO-T3-8,55,17.53,17.1934,54,17.5118,0.3366,1.9577,1.8519
7758,-,FS310,RNH2A-KO-T3-17,18,63.7405,62.5901,18,62.5901,1.1504,1.838,0.0
7758,-,FS326,HEK293T,77,7.0306,6.8845,77,6.8845,0.1461,2.1216,-0.0
7758,-,FS327,RNH2A-KO-T3-8,29,12.6538,12.5842,29,12.5842,0.0696,0.553,0.0
7758,-,FS329,RNH2A-KO-T3-17,58,13.2404,13.0704,58,13.0704,0.17,1.3006,-0.0
13126,+,FS185,CD4+T,52,6.0138,5.9863,52,5.9863,0.0275,0.4593,0.0
13126,+,FS186,CD4+T,133,6.0322,5.9331,133,5.9331,0.099,1.6692,-0.0
13126,+,FS187,CD4+T,10,16.966,18.1221,10,18.1221,1.1561,-6.3793,0.0
13126,+,FS188,CD4+T,13,17.9827,18.7906,13,18.7906,0.8079,-4.2995,0.0
13126,+,FS189,CD4+T,38,28.3895,29.0501,39,28.3053,0.6606,-2.2741,-2.5641
13126,+,FS193,HCT116,10,6.7689,6.7987,10,6.7987,0.0297,-0.4371,0.0
13126,+,FS195,WB-GTP-control,50,37.107,38.8033,50,38.8033,1.6963,-4.3716,-0.0
13126,+,FS196,WB-GTP-PTSD,69,21.7818,23.0808,69,23.0808,1.299,-5.6281,0.0
13126,+,FS197,hESC-H9,32,24.4742,27.8105,32,27.8105,3.3364,-11.9969,0.0
13126,+,FS198,hESC-H9,29,39.9319,48.8967,28,50.643,8.9648,-18.3341,3.5714
13126,+,FS199,hESC-H9,10,15.4619,20.4986,10,20.4986,5.0367,-24.5707,-0.0
13126,+,FS201,hESC-H9,13,19.671,26.4746,13,26.4746,6.8036,-25.6986,-0.0
13126,+,FS203,HEK293T,23,13.3471,14.4095,23,14.4095,1.0623,-7.3725,-0.0
13126,+,FS257,DLTB,7,0.1055,0.1054,7,0.1054,0.0002,0.1603,0.0
13126,+,FS258,TLTB,8,0.2204,0.2205,8,0.2205,0.0001,-0.062,0.0
13126,+,FS259,DLTB,84,0.3005,0.2983,84,0.2983,0.0021,0.7206,0.0
13126,+,FS260,TLTB,39,0.2131,0.2111,39,0.2111,0.002,0.9668,0.0
13126,+,FS261,DLTB,17,0.2235,0.2264,17,0.2264,0.0029,-1.2712,0.0
13126,+,FS262,TLTB,78,0.7067,0.7056,77,0.7148,0.0011,0.1576,1.2987
13126,+,FS263,DLTB,638,2.7742,2.7652,633,2.7871,0.009,0.3264,0.7899
13126,+,FS264,TLTB,439,2.2596,2.2677,439,2.2677,0.0081,-0.3588,0.0
13126,+,FS300,RNH2A-KO-T3-8,272,25.1676,25.0516,271,25.144,0.116,0.4632,0.369
13126,+,FS301,RNH2A-KO-T3-17,303,19.1453,18.9394,300,19.1288,0.206,1.0874,1.0
13126,+,FS303,hESC-H9,1259,51.8158,52.2869,1291,50.9909,0.4711,-0.901,-2.4787
13126,+,FS305,HEK293T,2712,32.1221,31.8213,2713,31.8096,0.3008,0.9453,-0.0369
13126,+,FS306,RNH2A-KO-T3-8,959,109.5363,108.3288,959,108.3288,1.2075,1.1147,0.0
13126,+,FS307,RNH2A-KO-T3-17,40,5.6447,5.5473,40,5.5473,0.0974,1.7562,-0.0
13126,+,FS309,RNH2A-KO-T3-8,147,46.8528,45.849,144,46.8042,1.0038,2.1894,2.0833
13126,+,FS310,RNH2A-KO-T3-17,7,24.788,24.3406,7,24.3406,0.4474,1.838,0.0
13126,+,FS326,HEK293T,85,7.761,7.5998,85,7.5998,0.1612,2.1216,0.0
13126,+,FS327,RNH2A-KO-T3-8,30,13.0901,13.0181,30,13.0181,0.072,0.553,-0.0
13126,+,FS329,RNH2A-KO-T3-17,54,12.3273,12.169,54,12.169,0.1583,1.3006,0.0
13132,+,FS185,CD4+T,53,6.1294,5.9863,52,6.1014,0.1431,2.3912,1.9231
13132,+,FS186,CD4+T,126,5.7147,5.6209,126,5.6209,0.0938,1.6692,0.0
13132,+,FS187,CD4+T,12,20.3592,21.7465,12,21.7465,1.3873,-6.3793,-0.0
13132,+,FS188,CD4+T,30,41.4986,43.363,30,43.363,1.8644,-4.2995,0.0
13132,+,FS189,CD4+T,31,23.1598,23.0911,31,23.0911,0.0687,0.2976,0.0
13132,+,FS193,HCT116,9,6.092,6.7987,10,6.1188,0.7066,-10.3934,-10.0
13132,+,FS195,WB-GTP-control,26,19.2956,20.1777,26,20.1777,0.8821,-4.3716,-0.0
13132,+,FS196,WB-GTP-PTSD,83,26.2013,27.7639,83,27.7639,1.5626,-5.6281,0.0
13132,+,FS197,hESC-H9,39,29.8279,33.8941,39,33.8941,4.0662,-11.9969,0.0
13132,+,FS198,hESC-H9,16,22.0314,27.941,16,27.941,5.9096,-21.1502,-0.0
13132,+,FS199,hESC-H9,13,20.1005,26.6482,13,26.6482,6.5476,-24.5707,-0.0
13132,+,FS201,hESC-H9,17,25.7236,34.6206,17,34.6206,8.897,-25.6986,0.0
13132,+,FS203,HEK293T,18,10.4456,11.277,18,11.277,0.8314,-7.3725,0.0
13132,+,FS257,DLTB,4,0.0603,0.0602,4,0.0602,0.0001,0.1603,0.0
13132,+,FS258,TLTB,2,0.0551,0.0551,2,0.0551,0.0,-0.062,-0.0
13132,+,FS259,DLTB,36,0.1288,0.1279,36,0.1279,0.0009,0.7206,-0.0
13132,+,FS260,TLTB,31,0.1694,0.1678,31,0.1678,0.0016,0.9668,-0.0
13132,+,FS261,DLTB,12,0.1578,0.1598,12,0.1598,0.002,-1.2712,-0.0
13132,+,FS262,TLTB,15,0.1359,0.1375,15,0.1375,0.0015,-1.1264,-0.0
13132,+,FS263,DLTB,423,1.8393,1.8435,422,1.8478,0.0041,-0.224,0.237
13132,+,FS264,TLTB,287,1.4772,1.4774,286,1.4825,0.0002,-0.0104,0.3497
13132,+,FS300,RNH2A-KO-T3-8,134,12.3988,12.2023,132,12.3871,0.1965,1.6104,1.5152
13132,+,FS301,RNH2A-KO-T3-17,183,11.563,11.4268,181,11.553,0.1363,1.1925,1.105
13132,+,FS303,hESC-H9,818,33.6659,33.1299,818,33.1299,0.536,1.6178,-0.0
13132,+,FS305,HEK293T,1625,19.2472,19.0717,1626,19.06,0.1755,0.9204,-0.0615
13132,+,FS306,RNH2A-KO-T3-8,481,54.9395,54.3338,481,54.3338,0.6057,1.1147,-0.0
13132,+,FS307,RNH2A-KO-T3-17,21,2.9635,2.7736,20,2.9123,0.1898,6.844,5.0
13132,+,FS309,RNH2A-KO-T3-8,68,21.6734,20.6957,65,21.6509,0.9777,4.7241,4.6154
13132,+,FS310,RNH2A-KO-T3-17,1,3.5411,3.4772,1,3.4772,0.0639,1.838,0.0
13132,+,FS326,HEK293T,57,5.2045,5.0963,57,5.0963,0.1081,2.1216,-0.0
13132,+,FS327,RNH2A-KO-T3-8,22,9.5994,9.5466,22,9.5466,0.0528,0.553,-0.0
13132,+,FS329,RNH2A-KO-T3-17,29,6.6202,6.5352,29,6.5352,0.085,1.3006,0.0
7733,-,FS185,CD4+T,39,4.5103,4.6048,40,4.4897,0.0945,-2.0522,-2.5
7733,-,FS186,CD4+T,332,15.0578,14.7659,331,14.8106,0.2918,1.9764,0.3021
7733,-,FS187,CD4+T,10,16.966,16.3099,9,18.1221,0.6561,4.023,11.1111
7733,-,FS188,CD4+T,6,8.2997,8.6726,6,8.6726,0.3729,-4.2995,-0.0
7733,-,FS189,CD4+T,12,8.9651,8.9385,12,8.9385,0.0266,0.2976,-0.0
7733,-,FS193,HCT116,26,17.5992,17.6765,26,17.6765,0.0773,-0.4371,0.0
7733,-,FS195,WB-GTP-control,10,7.4214,7.7607,10,7.7607,0.3393,-4.3716,-0.0
7733,-,FS196,WB-GTP-PTSD,21,6.6292,7.0246,21,7.0246,0.3953,-5.6281,-0.0
7733,-,FS197,hESC-H9,12,9.1778,9.5599,11,10.429,0.3821,-3.9966,9.0909
7733,-,FS198,hESC-H9,3,4.1309,5.2389,3,5.2389,1.108,-21.1502,-0.0
7733,-,FS199,hESC-H9,3,4.6386,6.1496,3,6.1496,1.511,-24.5707,0.0
7733,-,FS201,hESC-H9,5,7.5658,10.1825,5,10.1825,2.6168,-25.6986,0.0
7733,-,FS203,HEK293T,12,6.9637,7.518,12,7.518,0.5543,-7.3725,-0.0
7733,-,FS257,DLTB,603,9.0901,9.0605,602,9.0755,0.0296,0.3267,0.1661
7733,-,FS258,TLTB,262,7.2171,7.194,261,7.2216,0.0231,0.3209,0.3831
7733,-,FS259,DLTB,1364,4.8791,4.8406,1363,4.8442,0.0385,0.7945,0.0734
7733,-,FS260,TLTB,866,4.7317,4.681,865,4.6864,0.0507,1.0835,0.1156
7733,-,FS261,DLTB,170,2.2352,2.2507,169,2.264,0.0155,-0.687,0.5917
7733,-,FS262,TLTB,479,4.34,4.3894,479,4.3894,0.0494,-1.1264,-0.0
7733,-,FS263,DLTB,662,2.8786,2.8788,659,2.8919,0.0002,-0.0067,0.4552
7733,-,FS264,TLTB,717,3.6905,3.6986,716,3.7038,0.0081,-0.2196,0.1397
7733,-,FS300,RNH2A-KO-T3-8,226,20.9113,20.7993,225,20.8917,0.112,0.5387,0.4444
7733,-,FS301,RNH2A-KO-T3-17,298,18.8294,18.8131,298,18.8131,0.0163,0.0866,-0.0
7733,-,FS303,hESC-H9,363,14.9397,14.7019,363,14.7019,0.2378,1.6178,-0.0
7733,-,FS305,HEK293T,1058,12.5314,12.4095,1058,12.4095,0.1219,0.9825,-0.0
7733,-,FS306,RNH2A-KO-T3-8,496,56.6528,55.9153,495,56.0283,0.7375,1.319,0.202
7733,-,FS307,RNH2A-KO-T3-17,113,15.9462,15.671,113,15.671,0.2752,1.7562,-0.0
7733,-,FS309,RNH2A-KO-T3-8,29,9.2431,9.2335,29,9.2335,0.0096,0.1039,0.0
7733,-,FS310,RNH2A-KO-T3-17,14,49.576,48.6812,14,48.6812,0.8948,1.838,-0.0
7733,-,FS326,HEK293T,106,9.6785,9.4774,106,9.4774,0.2011,2.1216,0.0
7733,-,FS327,RNH2A-KO-T3-8,20,8.7267,8.6787,20,8.6787,0.048,0.553,0.0
7733,-,FS329,RNH2A-KO-T3-17,64,14.6101,14.4225,64,14.4225,0.1876,1.3006,-0.0
13130,+,FS185,CD4+T,42,4.8573,4.8351,42,4.8351,0.0222,0.4593,0.0
13130,+,FS186,CD4+T,103,4.6715,4.6395,104,4.5948,0.0321,0.6916,-0.9615
13130,+,FS187,CD4+T,7,11.8762,12.6854,7,12.6854,0.8092,-6.3793,-0.0
13130,+,FS188,CD4+T,17,23.5159,24.5724,17,24.5724,1.0565,-4.2995,0.0
13130,+,FS189,CD4+T,33,24.654,24.5809,33,24.5809,0.0732,0.2976,-0.0
13130,+,FS193,HCT116,7,4.7383,4.7591,7,4.7591,0.0208,-0.4371,0.0
13130,+,FS195,WB-GTP-control,31,23.0063,24.058,31,24.058,1.0517,-4.3716,0.0
13130,+,FS196,WB-GTP-PTSD,64,20.2034,21.4083,64,21.4083,1.2049,-5.6281,-0.0
13130,+,FS197,hESC-H9,17,13.0019,14.7744,17,14.7744,1.7725,-11.9969,-0.0
13130,+,FS198,hESC-H9,11,15.1466,19.2094,11,19.2094,4.0628,-21.1502,0.0
13130,+,FS199,hESC-H9,10,15.4619,20.4986,10,20.4986,5.0367,-24.5707,-0.0
13130,+,FS201,hESC-H9,8,12.1052,16.292,8,16.292,4.1868,-25.6986,-0.0
13130,+,FS203,HEK293T,15,8.7046,9.3975,15,9.3975,0.6928,-7.3725,0.0
13130,+,FS257,DLTB,3,0.0452,0.0452,3,0.0452,0.0001,0.1603,0.0
13130,+,FS258,TLTB,4,0.1102,0.1103,4,0.1103,0.0001,-0.062,-0.0
13130,+,FS259,DLTB,31,0.1109,0.1101,31,0.1101,0.0008,0.7206,-0.0
13130,+,FS260,TLTB,24,0.1311,0.1299,24,0.1299,0.0013,0.9668,-0.0
13130,+,FS261,DLTB,12,0.1578,0.1598,12,0.1598,0.002,-1.2712,-0.0
13130,+,FS262,TLTB,22,0.1993,0.2016,22,0.2016,0.0023,-1.1264,0.0
13130,+,FS263,DLTB,352,1.5306,1.5289,350,1.5377,0.0017,0.109,0.5714
13130,+,FS264,TLTB,233,1.1993,1.2036,233,1.2036,0.0043,-0.3588,0.0
13130,+,FS300,RNH2A-KO-T3-8,100,9.2528,8.9668,97,9.2441,0.286,3.1895,3.0928
13130,+,FS301,RNH2A-KO-T3-17,195,12.3213,12.1843,193,12.3106,0.1369,1.1237,1.0363
13130,+,FS303,hESC-H9,582,23.953,24.6247,608,23.5716,0.6717,-2.7277,-4.2763
13130,+,FS305,HEK293T,1467,17.3758,17.2537,1471,17.2068,0.1221,0.7079,-0.2719
13130,+,FS306,RNH2A-KO-T3-8,402,45.9162,45.41,402,45.41,0.5062,1.1147,-0.0
13130,+,FS307,RNH2A-KO-T3-17,14,1.9756,1.8029,13,1.9415,0.1728,9.5836,7.6923
13130,+,FS309,RNH2A-KO-T3-8,60,19.1236,19.1037,60,19.1037,0.0198,0.1039,-0.0
13130,+,FS310,RNH2A-KO-T3-17,1,3.5411,3.4772,1,3.4772,0.0639,1.838,0.0
13130,+,FS326,HEK293T,55,5.0218,4.9175,55,4.9175,0.1043,2.1216,0.0
13130,+,FS327,RNH2A-KO-T3-8,17,7.4177,7.3769,17,7.3769,0.0408,0.553,-0.0
13130,+,FS329,RNH2A-KO-T3-17,29,6.6202,6.5352,29,6.5352,0.085,1.3006,0.0
7061,+,FS185,CD4+T,88,10.1772,10.0155,87,10.1306,0.1616,1.614,1.1494
7061,+,FS186,CD4+T,509,23.0856,22.7065,509,22.7065,0.379,1.6692,0.0
7061,+,FS187,CD4+T,31,52.5946,56.1784,31,56.1784,3.5838,-6.3793,0.0
7061,+,FS188,CD4+T,14,19.366,20.2361,14,20.2361,0.8701,-4.2995,-0.0
7061,+,FS189,CD4+T,59,44.0784,43.9476,59,43.9476,0.1308,0.2976,0.0
7061,+,FS193,HCT116,29,19.6299,19.7161,29,19.7161,0.0862,-0.4371,0.0
7061,+,FS195,WB-GTP-control,13,9.6478,10.0889,13,10.0889,0.441,-4.3716,-0.0
7061,+,FS196,WB-GTP-PTSD,68,21.4661,22.7463,68,22.7463,1.2802,-5.6281,0.0
7061,+,FS197,hESC-H9,9,6.8834,7.8217,9,7.8217,0.9384,-11.9969,0.0
7061,+,FS198,hESC-H9,2,2.7539,3.4926,2,3.4926,0.7387,-21.1502,-0.0
7061,+,FS199,hESC-H9,1,1.5462,2.0499,1,2.0499,0.5037,-24.5707,-0.0
7061,+,FS201,hESC-H9,1,1.5132,2.0365,1,2.0365,0.5234,-25.6986,0.0
7061,+,FS203,HEK293T,7,4.0622,4.3855,7,4.3855,0.3233,-7.3725,-0.0
7061,+,FS257,DLTB,246,3.7084,3.7024,246,3.7024,0.0059,0.1603,0.0
7061,+,FS258,TLTB,101,2.7822,2.7839,101,2.7839,0.0017,-0.062,-0.0
7061,+,FS259,DLTB,1247,4.4606,4.4216,1245,4.4287,0.039,0.8824,0.1606
7061,+,FS260,TLTB,713,3.8957,3.8584,713,3.8584,0.0373,0.9668,0.0
7061,+,FS261,DLTB,416,5.4697,5.5401,416,5.5401,0.0704,-1.2712,0.0
7061,+,FS262,TLTB,609,5.5179,5.5716,608,5.5807,0.0537,-0.9638,0.1645
7061,+,FS263,DLTB,2763,12.0144,12.0656,2762,12.0699,0.0511,-0.4238,0.0362
7061,+,FS264,TLTB,1611,8.292,8.3115,1609,8.3219,0.0195,-0.2349,0.1243
7061,+,FS300,RNH2A-KO-T3-8,78,7.2172,7.118,77,7.2104,0.0992,1.3937,1.2987
7061,+,FS301,RNH2A-KO-T3-17,244,15.4174,15.2778,242,15.404,0.1396,0.9137,0.8264
7061,+,FS303,hESC-H9,249,10.2479,10.0848,249,10.0848,0.1632,1.6178,-0.0
7061,+,FS305,HEK293T,800,9.4756,9.3834,800,9.3834,0.0922,0.9825,0.0
7061,+,FS306,RNH2A-KO-T3-8,170,19.4173,19.0903,169,19.2032,0.327,1.713,0.5917
7061,+,FS307,RNH2A-KO-T3-17,2,0.2822,0.2774,2,0.2774,0.0049,1.7562,0.0
7061,+,FS309,RNH2A-KO-T3-8,2,0.6375,0.6368,2,0.6368,0.0007,0.1039,-0.0
7061,+,FS310,RNH2A-KO-T3-17,5,17.7057,17.3861,5,17.3861,0.3196,1.838,-0.0
7061,+,FS326,HEK293T,40,3.6523,3.6658,41,3.5764,0.0135,-0.3692,-2.439
7061,+,FS327,RNH2A-KO-T3-8,13,5.6724,5.6412,13,5.6412,0.0312,0.553,0.0
7061,+,FS329,RNH2A-KO-T3-17,23,5.2505,5.1831,23,5.1831,0.0674,1.3006,-0.0
13131,+,FS185,CD4+T,28,3.2382,3.1083,27,3.2234,0.1299,4.18,3.7037
13131,+,FS186,CD4+T,85,3.8552,3.7919,85,3.7919,0.0633,1.6692,-0.0
13131,+,FS187,CD4+T,8,13.5728,14.4976,8,14.4976,0.9248,-6.3793,-0.0
13131,+,FS188,CD4+T,12,16.5994,18.7906,13,17.3452,2.1912,-11.6611,-7.6923
13131,+,FS189,CD4+T,26,19.4244,19.3668,26,19.3668,0.0576,0.2976,-0.0
13131,+,FS193,HCT116,12,8.1227,8.1584,12,8.1584,0.0357,-0.4371,-0.0
13131,+,FS195,WB-GTP-control,36,26.717,27.9384,36,27.9384,1.2213,-4.3716,0.0
13131,+,FS196,WB-GTP-PTSD,54,17.0466,18.0632,54,18.0632,1.0166,-5.6281,0.0
13131,+,FS197,hESC-H9,21,16.0612,18.2507,21,18.2507,2.1895,-11.9969,-0.0
13131,+,FS198,hESC-H9,9,12.3927,15.7168,9,15.7168,3.3241,-21.1502,-0.0
13131,+,FS199,hESC-H9,2,3.0924,4.0997,2,4.0997,1.0073,-24.5707,-0.0
13131,+,FS201,hESC-H9,7,10.5921,14.2555,7,14.2555,3.6635,-25.6986,0.0
13131,+,FS203,HEK293T,12,6.9637,7.518,12,7.518,0.5543,-7.3725,-0.0
13131,+,FS257,DLTB,4,0.0603,0.0602,4,0.0602,0.0001,0.1603,0.0
13131,+,FS258,TLTB,2,0.0551,0.0551,2,0.0551,0.0,-0.062,-0.0
13131,+,FS259,DLTB,33,0.118,0.1136,32,0.1172,0.0044,3.8681,3.125
13131,+,FS260,TLTB,22,0.1202,0.1191,22,0.1191,0.0012,0.9668,-0.0
13131,+,FS261,DLTB,6,0.0789,0.0799,6,0.0799,0.001,-1.2712,-0.0
13131,+,FS262,TLTB,15,0.1359,0.1375,15,0.1375,0.0015,-1.1264,-0.0
13131,+,FS263,DLTB,263,1.1436,1.1489,263,1.1489,0.0053,-0.4598,-0.0
13131,+,FS264,TLTB,247,1.2713,1.2759,247,1.2759,0.0046,-0.3588,-0.0
13131,+,FS300,RNH2A-KO-T3-8,90,8.3275,8.3197,90,8.3197,0.0078,0.0938,-0.0
13131,+,FS301,RNH2A-KO-T3-17,139,8.7828,8.7753,139,8.7753,0.0076,0.0866,-0.0
13131,+,FS303,hESC-H9,451,18.5615,18.266,451,18.266,0.2955,1.6178,0.0
13131,+,FS305,HEK293T,1153,13.6567,13.5355,1154,13.5238,0.1211,0.895,-0.0867
13131,+,FS306,RNH2A-KO-T3-8,342,39.063,38.5194,341,38.6324,0.5436,1.4112,0.2933
13131,+,FS307,RNH2A-KO-T3-17,13,1.8345,1.8029,13,1.8029,0.0317,1.7562,-0.0
13131,+,FS309,RNH2A-KO-T3-8,43,13.7052,12.7358,40,13.691,0.9694,7.6117,7.5
13131,+,FS310,RNH2A-KO-T3-17,2,7.0823,6.9545,2,6.9545,0.1278,1.838,0.0
13131,+,FS326,HEK293T,36,3.287,3.2187,36,3.2187,0.0683,2.1216,0.0
13131,+,FS327,RNH2A-KO-T3-8,13,5.6724,5.6412,13,5.6412,0.0312,0.553,0.0
13131,+,FS329,RNH2A-KO-T3-17,27,6.1636,6.0845,27,6.0845,0.0791,1.3006,-0.0
7737,-,FS185,CD4+T,35,4.0477,3.9141,34,4.0292,0.1336,3.414,2.9412
7737,-,FS186,CD4+T,262,11.8829,11.6879,262,11.6879,0.1951,1.6692,-0.0
7737,-,FS187,CD4+T,10,16.966,18.1221,10,18.1221,1.1561,-6.3793,0.0
7737,-,FS188,CD4+T,11,15.2161,15.8998,11,15.8998,0.6836,-4.2995,-0.0
7737,-,FS189,CD4+T,20,14.9418,14.8975,20,14.8975,0.0443,0.2976,0.0
7737,-,FS193,HCT116,20,13.5379,13.5973,20,13.5973,0.0594,-0.4371,0.0
7737,-,FS195,WB-GTP-control,6,4.4528,4.6564,6,4.6564,0.2036,-4.3716,0.0
7737,-,FS196,WB-GTP-PTSD,16,5.0509,5.3521,16,5.3521,0.3012,-5.6281,0.0
7737,-,FS197,hESC-H9,8,6.1185,6.9526,8,6.9526,0.8341,-11.9969,-0.0
7737,-,FS198,hESC-H9,4,5.5079,6.9852,4,6.9852,1.4774,-21.1502,-0.0
7737,-,FS199,hESC-H9,2,3.0924,4.0997,2,4.0997,1.0073,-24.5707,-0.0
7737,-,FS201,hESC-H9,7,10.5921,14.2555,7,14.2555,3.6635,-25.6986,0.0
7737,-,FS203,HEK293T,7,4.0622,4.3855,7,4.3855,0.3233,-7.3725,-0.0
7737,-,FS257,DLTB,253,3.8139,3.8078,253,3.8078,0.0061,0.1603,0.0
7737,-,FS258,TLTB,129,3.5535,3.5557,129,3.5557,0.0022,-0.062,0.0
7737,-,FS259,DLTB,626,2.2392,2.2197,625,2.2232,0.0196,0.8818,0.16
7737,-,FS260,TLTB,281,1.5353,1.5206,281,1.5206,0.0147,0.9668,-0.0
7737,-,FS261,DLTB,63,0.8283,0.839,63,0.839,0.0107,-1.2712,0.0
7737,-,FS262,TLTB,219,1.9843,2.0069,219,2.0069,0.0226,-1.1264,-0.0
7737,-,FS263,DLTB,296,1.2871,1.2887,295,1.2931,0.0016,-0.1224,0.339
7737,-,FS264,TLTB,288,1.4824,1.4825,287,1.4877,0.0002,-0.0116,0.3484
7737,-,FS300,RNH2A-KO-T3-8,166,15.3597,15.3453,166,15.3453,0.0144,0.0938,0.0
7737,-,FS301,RNH2A-KO-T3-17,258,16.302,16.2879,258,16.2879,0.0141,0.0866,0.0
7737,-,FS303,hESC-H9,215,8.8486,8.7077,215,8.7077,0.1409,1.6178,0.0
7737,-,FS305,HEK293T,820,9.7124,9.618,820,9.618,0.0945,0.9825,-0.0
7737,-,FS306,RNH2A-KO-T3-8,398,45.4593,44.8452,397,44.9582,0.6141,1.3694,0.2519
7737,-,FS307,RNH2A-KO-T3-17,138,19.4742,19.2768,139,19.1381,0.1974,1.0241,-0.7194
7737,-,FS309,RNH2A-KO-T3-8,30,9.5618,9.2335,29,9.5519,0.3283,3.5557,3.4483
7737,-,FS310,RNH2A-KO-T3-17,10,35.4114,34.7723,10,34.7723,0.6391,1.838,0.0
7737,-,FS326,HEK293T,76,6.9393,6.7951,76,6.7951,0.1442,2.1216,0.0
7737,-,FS327,RNH2A-KO-T3-8,11,4.7997,4.7733,11,4.7733,0.0264,0.553,0.0
7737,-,FS329,RNH2A-KO-T3-17,52,11.8707,11.7183,52,11.7183,0.1524,1.3006,-0.0
7044,+,FS185,CD4+T,16,1.8504,1.8419,16,1.8419,0.0085,0.4593,-0.0
7044,+,FS186,CD4+T,117,5.3065,5.1748,116,5.2194,0.1317,2.5457,0.8621
7044,+,FS187,CD4+T,10,16.966,18.1221,10,18.1221,1.1561,-6.3793,0.0
7044,+,FS188,CD4+T,5,6.9164,7.2272,5,7.2272,0.3107,-4.2995,0.0
7044,+,FS189,CD4+T,17,12.7006,12.6629,17,12.6629,0.0377,0.2976,0.0
7044,+,FS193,HCT116,6,4.0614,4.0792,6,4.0792,0.0178,-0.4371,0.0
7044,+,FS195,WB-GTP-control,20,14.8428,15.5213,20,15.5213,0.6785,-4.3716,0.0
7044,+,FS196,WB-GTP-PTSD,95,29.9894,32.1124,96,31.7779,2.123,-6.6111,-1.0417
7044,+,FS197,hESC-H9,25,19.1204,21.727,25,21.727,2.6066,-11.9969,-0.0
7044,+,FS198,hESC-H9,4,5.5079,6.9852,4,6.9852,1.4774,-21.1502,-0.0
7044,+,FS199,hESC-H9,5,7.731,10.2493,5,10.2493,2.5183,-24.5707,-0.0
7044,+,FS201,hESC-H9,6,9.0789,12.219,6,12.219,3.1401,-25.6986,-0.0
7044,+,FS203,HEK293T,13,7.544,8.1445,13,8.1445,0.6005,-7.3725,0.0
7044,+,FS257,DLTB,6,0.0904,0.0903,6,0.0903,0.0001,0.1603,0.0
7044,+,FS258,TLTB,3,0.0826,0.0827,3,0.0827,0.0001,-0.062,-0.0
7044,+,FS259,DLTB,35,0.1252,0.1243,35,0.1243,0.0009,0.7206,-0.0
7044,+,FS260,TLTB,40,0.2186,0.2165,40,0.2165,0.0021,0.9668,0.0
7044,+,FS261,DLTB,7,0.092,0.0932,7,0.0932,0.0012,-1.2712,-0.0
7044,+,FS262,TLTB,23,0.2084,0.2108,23,0.2108,0.0024,-1.1264,0.0
7044,+,FS263,DLTB,190,0.8262,0.8256,189,0.83,0.0006,0.0668,0.5291
7044,+,FS264,TLTB,94,0.4838,0.4856,94,0.4856,0.0017,-0.3588,-0.0
7044,+,FS300,RNH2A-KO-T3-8,68,6.2919,6.286,68,6.286,0.0059,0.0938,0.0
7044,+,FS301,RNH2A-KO-T3-17,175,11.0575,10.7323,170,11.048,0.3252,3.0303,2.9412
7044,+,FS303,hESC-H9,576,23.706,23.3286,576,23.3286,0.3774,1.6178,0.0
7044,+,FS305,HEK293T,1000,11.8445,11.7058,998,11.7292,0.1387,1.1849,0.2004
7044,+,FS306,RNH2A-KO-T3-8,265,30.2681,29.9344,265,29.9344,0.3337,1.1147,-0.0
7044,+,FS307,RNH2A-KO-T3-17,1,0.1411,0.1387,1,0.1387,0.0024,1.7562,-0.0
7044,+,FS309,RNH2A-KO-T3-8,1,0.3187,0.3184,1,0.3184,0.0003,0.1039,-0.0
7044,+,FS310,RNH2A-KO-T3-17,6,21.2468,20.8634,6,20.8634,0.3835,1.838,0.0
7044,+,FS326,HEK293T,62,5.661,5.5434,62,5.5434,0.1176,2.1216,0.0
7044,+,FS327,RNH2A-KO-T3-8,14,6.1087,6.0751,14,6.0751,0.0336,0.553,0.0
7044,+,FS329,RNH2A-KO-T3-17,32,7.3051,7.2113,32,7.2113,0.0938,1.3006,0.0
7133,+,FS185,CD4+T,23,2.6599,2.6478,23,2.6478,0.0122,0.4593,-0.0
7133,+,FS186,CD4+T,105,4.7622,4.6841,105,4.6841,0.0782,1.6692,0.0
7133,+,FS187,CD4+T,1,1.6966,1.8122,1,1.8122,0.1156,-6.3793,0.0
7133,+,FS188,CD4+T,8,11.0663,11.5635,8,11.5635,0.4972,-4.2995,0.0
7133,+,FS189,CD4+T,6,4.4826,4.4693,6,4.4693,0.0133,0.2976,-0.0
7133,+,FS193,HCT116,7,4.7383,4.7591,7,4.7591,0.0208,-0.4371,0.0
7133,+,FS195,WB-GTP-control,12,8.9057,9.3128,12,9.3128,0.4071,-4.3716,0.0
7133,+,FS196,WB-GTP-PTSD,20,6.3136,6.6901,20,6.6901,0.3765,-5.6281,0.0
7133,+,FS197,hESC-H9,17,13.0019,14.7744,17,14.7744,1.7725,-11.9969,-0.0
7133,+,FS198,hESC-H9,5,6.8848,8.7316,5,8.7316,1.8467,-21.1502,-0.0
7133,+,FS199,hESC-H9,5,7.731,10.2493,5,10.2493,2.5183,-24.5707,-0.0
7133,+,FS201,hESC-H9,7,10.5921,14.2555,7,14.2555,3.6635,-25.6986,0.0
7133,+,FS203,HEK293T,9,5.2228,5.6385,9,5.6385,0.4157,-7.3725,-0.0
7133,+,FS257,DLTB,5,0.0754,0.0753,5,0.0753,0.0001,0.1603,-0.0
7133,+,FS258,TLTB,3,0.0826,0.0827,3,0.0827,0.0001,-0.062,-0.0
7133,+,FS259,DLTB,12,0.0429,0.0426,12,0.0426,0.0003,0.7206,0.0
7133,+,FS260,TLTB,36,0.1967,0.1948,36,0.1948,0.0019,0.9668,0.0
7133,+,FS261,DLTB,7,0.092,0.0932,7,0.0932,0.0012,-1.2712,-0.0
7133,+,FS262,TLTB,22,0.1993,0.2016,22,0.2016,0.0023,-1.1264,0.0
7133,+,FS263,DLTB,74,0.3218,0.3233,74,0.3233,0.0015,-0.4598,0.0
7133,+,FS264,TLTB,64,0.3294,0.3306,64,0.3306,0.0012,-0.3588,0.0
7133,+,FS300,RNH2A-KO-T3-8,136,12.5838,12.572,136,12.572,0.0118,0.0938,-0.0
7133,+,FS301,RNH2A-KO-T3-17,311,19.6508,19.6338,311,19.6338,0.017,0.0866,0.0
7133,+,FS303,hESC-H9,717,29.5091,29.0393,717,29.0393,0.4698,1.6178,0.0
7133,+,FS305,HEK293T,1261,14.9359,14.7905,1261,14.7905,0.1453,0.9825,0.0
7133,+,FS306,RNH2A-KO-T3-8,107,12.2215,12.0867,107,12.0867,0.1347,1.1147,-0.0
7133,+,FS307,RNH2A-KO-T3-17,10,1.4112,1.3868,10,1.3868,0.0244,1.7562,-0.0
7133,+,FS309,RNH2A-KO-T3-8,18,5.7371,5.7311,18,5.7311,0.006,0.1039,-0.0
7133,+,FS310,RNH2A-KO-T3-17,2,7.0823,6.9545,2,6.9545,0.1278,1.838,0.0
7133,+,FS326,HEK293T,46,4.2001,4.1128,46,4.1128,0.0873,2.1216,0.0
7133,+,FS327,RNH2A-KO-T3-8,15,6.545,6.509,15,6.509,0.036,0.553,-0.0
7133,+,FS329,RNH2A-KO-T3-17,34,7.7616,7.662,34,7.662,0.0997,1.3006,0.0
7074,+,FS185,CD4+T,19,2.1973,2.1873,19,2.1873,0.01,0.4593,0.0
7074,+,FS186,CD4+T,163,7.3928,7.3161,164,7.2714,0.0768,1.0493,-0.6098
7074,+,FS187,CD4+T,12,20.3592,21.7465,12,21.7465,1.3873,-6.3793,-0.0
7074,+,FS188,CD4+T,7,9.683,10.118,7,10.118,0.435,-4.2995,0.0
7074,+,FS189,CD4+T,10,7.4709,7.4488,10,7.4488,0.0222,0.2976,-0.0
7074,+,FS193,HCT116,9,6.092,6.1188,9,6.1188,0.0267,-0.4371,-0.0
7074,+,FS195,WB-GTP-control,7,5.195,5.4325,7,5.4325,0.2375,-4.3716,0.0
7074,+,FS196,WB-GTP-PTSD,22,6.9449,7.6936,23,7.3591,0.7487,-9.7312,-4.3478
7074,+,FS197,hESC-H9,5,3.8241,4.3454,5,4.3454,0.5213,-11.9969,0.0
7074,+,FS198,hESC-H9,3,4.1309,5.2389,3,5.2389,1.108,-21.1502,-0.0
7074,+,FS199,hESC-H9,3,4.6386,6.1496,3,6.1496,1.511,-24.5707,0.0
7074,+,FS201,hESC-H9,3,4.5395,6.1095,3,6.1095,1.5701,-25.6986,0.0
7074,+,FS203,HEK293T,12,6.9637,7.518,12,7.518,0.5543,-7.3725,-0.0
7074,+,FS257,DLTB,33,0.4975,0.4967,33,0.4967,0.0008,0.1603,0.0
7074,+,FS258,TLTB,6,0.1653,0.1378,5,0.1654,0.0275,19.9256,20.0
7074,+,FS259,DLTB,117,0.4185,0.4155,117,0.4155,0.003,0.7206,-0.0
7074,+,FS260,TLTB,94,0.5136,0.5033,93,0.5087,0.0103,2.0525,1.0753
7074,+,FS261,DLTB,68,0.8941,0.9056,68,0.9056,0.0115,-1.2712,-0.0
7074,+,FS262,TLTB,67,0.6071,0.614,67,0.614,0.0069,-1.1264,-0.0
7074,+,FS263,DLTB,584,2.5394,2.5468,583,2.5512,0.0074,-0.2891,0.1715
7074,+,FS264,TLTB,250,1.2868,1.2914,250,1.2914,0.0046,-0.3588,-0.0
7074,+,FS300,RNH2A-KO-T3-8,150,13.8792,13.8662,150,13.8662,0.013,0.0938,0.0
7074,+,FS301,RNH2A-KO-T3-17,375,23.6947,23.548,373,23.6742,0.1468,0.6232,0.5362
7074,+,FS303,hESC-H9,260,10.7006,10.5303,260,10.5303,0.1704,1.6178,-0.0
7074,+,FS305,HEK293T,1248,14.7819,14.6263,1247,14.6381,0.1555,1.0635,0.0802
7074,+,FS306,RNH2A-KO-T3-8,258,29.4686,29.1437,258,29.1437,0.3249,1.1147,-0.0
7074,+,FS307,RNH2A-KO-T3-17,5,0.7056,0.5547,4,0.6934,0.1509,27.1952,25.0
7074,+,FS309,RNH2A-KO-T3-8,4,1.2749,1.2736,4,1.2736,0.0013,0.1039,-0.0
7074,+,FS310,RNH2A-KO-T3-17,9,31.8703,31.2951,9,31.2951,0.5752,1.838,0.0
7074,+,FS326,HEK293T,27,2.4653,2.4141,27,2.4141,0.0512,2.1216,-0.0
7074,+,FS327,RNH2A-KO-T3-8,10,4.3634,4.3394,10,4.3394,0.024,0.553,-0.0
7074,+,FS329,RNH2A-KO-T3-17,24,5.4788,5.4084,24,5.4084,0.0703,1.3006,-0.0
7116,+,FS185,CD4+T,19,2.1973,2.1873,19,2.1873,0.01,0.4593,0.0
7116,+,FS186,CD4+T,124,5.624,5.5317,124,5.5317,0.0923,1.6692,-0.0
7116,+,FS187,CD4+T,2,3.3932,3.6244,2,3.6244,0.2312,-6.3793,-0.0
7116,+,FS188,CD4+T,14,19.366,20.2361,14,20.2361,0.8701,-4.2995,-0.0
7116,+,FS189,CD4+T,16,11.9535,11.918,16,11.918,0.0355,0.2976,0.0
7116,+,FS193,HCT116,7,4.7383,4.7591,7,4.7591,0.0208,-0.4371,0.0
7116,+,FS195,WB-GTP-control,29,21.522,22.5059,29,22.5059,0.9839,-4.3716,-0.0
7116,+,FS196,WB-GTP-PTSD,59,18.625,19.7358,59,19.7358,1.1107,-5.6281,0.0
7116,+,FS197,hESC-H9,6,4.5889,5.2145,6,5.2145,0.6256,-11.9969,0.0
7116,+,FS198,hESC-H9,3,4.1309,5.2389,3,5.2389,1.108,-21.1502,-0.0
7116,+,FS199,hESC-H9,7,10.8233,14.349,7,14.349,3.5257,-24.5707,-0.0
7116,+,FS201,hESC-H9,9,13.6184,18.3285,9,18.3285,4.7102,-25.6986,0.0
7116,+,FS203,HEK293T,6,3.4819,3.759,6,3.759,0.2771,-7.3725,0.0
7116,+,FS257,DLTB,6,0.0904,0.0903,6,0.0903,0.0001,0.1603,0.0
7116,+,FS258,TLTB,6,0.1653,0.1654,6,0.1654,0.0001,-0.062,0.0
7116,+,FS259,DLTB,45,0.161,0.1598,45,0.1598,0.0012,0.7206,-0.0
7116,+,FS260,TLTB,30,0.1639,0.1623,30,0.1623,0.0016,0.9668,-0.0
7116,+,FS261,DLTB,12,0.1578,0.1598,12,0.1598,0.002,-1.2712,-0.0
7116,+,FS262,TLTB,68,0.6161,0.6231,68,0.6231,0.007,-1.1264,0.0
7116,+,FS263,DLTB,171,0.7436,0.747,171,0.747,0.0034,-0.4598,-0.0
7116,+,FS264,TLTB,115,0.5919,0.594,115,0.594,0.0021,-0.3588,-0.0
7116,+,FS300,RNH2A-KO-T3-8,89,8.235,8.2273,89,8.2273,0.0077,0.0938,-0.0
7116,+,FS301,RNH2A-KO-T3-17,243,15.3542,15.3409,243,15.3409,0.0133,0.0866,0.0
7116,+,FS303,hESC-H9,474,19.5081,19.1975,474,19.1975,0.3106,1.6178,-0.0
7116,+,FS305,HEK293T,914,10.8258,10.7322,915,10.7205,0.0936,0.8721,-0.1093
7116,+,FS306,RNH2A-KO-T3-8,87,9.9371,9.7146,86,9.8275,0.2225,2.2904,1.1628
7116,+,FS307,RNH2A-KO-T3-17,2,0.2822,0.2774,2,0.2774,0.0049,1.7562,0.0
7116,+,FS309,RNH2A-KO-T3-8,7,2.2311,1.9104,6,2.2288,0.3207,16.7879,16.6667
7116,+,FS310,RNH2A-KO-T3-17,2,7.0823,6.9545,2,6.9545,0.1278,1.838,0.0
7116,+,FS326,HEK293T,48,4.3827,4.2917,48,4.2917,0.0911,2.1216,-0.0
7116,+,FS327,RNH2A-KO-T3-8,4,1.7453,1.7357,4,1.7357,0.0096,0.553,0.0
7116,+,FS329,RNH2A-KO-T3-17,24,5.4788,5.4084,24,5.4084,0.0703,1.3006,-0.0
7048,+,FS185,CD4+T,16,1.8504,1.8419,16,1.8419,0.0085,0.4593,-0.0
7048,+,FS186,CD4+T,55,2.4945,2.4536,55,2.4536,0.041,1.6692,0.0
7048,+,FS187,CD4+T,4,6.7864,7.2488,4,7.2488,0.4624,-6.3793,0.0
7048,+,FS188,CD4+T,4,5.5331,5.7817,4,5.7817,0.2486,-4.2995,0.0
7048,+,FS189,CD4+T,7,5.2296,5.2141,7,5.2141,0.0155,0.2976,0.0
7048,+,FS193,HCT116,7,4.7383,4.7591,7,4.7591,0.0208,-0.4371,0.0
7048,+,FS195,WB-GTP-control,23,17.0692,17.8495,23,17.8495,0.7803,-4.3716,0.0
7048,+,FS196,WB-GTP-PTSD,60,18.9407,20.0703,60,20.0703,1.1296,-5.6281,0.0
7048,+,FS197,hESC-H9,21,16.0612,18.2507,21,18.2507,2.1895,-11.9969,-0.0
7048,+,FS198,hESC-H9,9,12.3927,15.7168,9,15.7168,3.3241,-21.1502,-0.0
7048,+,FS199,hESC-H9,5,7.731,10.2493,5,10.2493,2.5183,-24.5707,-0.0
7048,+,FS201,hESC-H9,5,7.5658,10.1825,5,10.1825,2.6168,-25.6986,0.0
7048,+,FS203,HEK293T,7,4.0622,4.3855,7,4.3855,0.3233,-7.3725,-0.0
7048,+,FS257,DLTB,2,0.0301,0.0301,2,0.0301,0.0,0.1603,-0.0
7048,+,FS258,TLTB,1,0.0275,0.0276,1,0.0276,0.0,-0.062,-0.0
7048,+,FS259,DLTB,28,0.1002,0.0994,28,0.0994,0.0007,0.7206,0.0
7048,+,FS260,TLTB,20,0.1093,0.1082,20,0.1082,0.001,0.9668,-0.0
7048,+,FS261,DLTB,7,0.092,0.0932,7,0.0932,0.0012,-1.2712,-0.0
7048,+,FS262,TLTB,11,0.0997,0.1008,11,0.1008,0.0011,-1.1264,0.0
7048,+,FS263,DLTB,188,0.8175,0.8213,188,0.8213,0.0038,-0.4598,0.0
7048,+,FS264,TLTB,87,0.4478,0.4494,87,0.4494,0.0016,-0.3588,-0.0
7048,+,FS300,RNH2A-KO-T3-8,45,4.1638,4.1599,45,4.1599,0.0039,0.0938,-0.0
7048,+,FS301,RNH2A-KO-T3-17,171,10.8048,10.7955,171,10.7955,0.0093,0.0866,0.0
7048,+,FS303,hESC-H9,451,18.5615,18.266,451,18.266,0.2955,1.6178,0.0
7048,+,FS305,HEK293T,925,10.9561,10.8495,925,10.8495,0.1066,0.9825,-0.0
7048,+,FS306,RNH2A-KO-T3-8,207,23.6434,23.3828,207,23.3828,0.2606,1.1147,0.0
7048,+,FS307,RNH2A-KO-T3-17,1,0.1411,0.1387,1,0.1387,0.0024,1.7562,-0.0
7048,+,FS309,RNH2A-KO-T3-8,3,0.9562,0.9552,3,0.9552,0.001,0.1039,0.0
7048,+,FS310,RNH2A-KO-T3-17,3,10.6234,10.4317,3,10.4317,0.1917,1.838,-0.0
7048,+,FS326,HEK293T,63,5.7523,5.6328,63,5.6328,0.1195,2.1216,-0.0
7048,+,FS327,RNH2A-KO-T3-8,9,3.927,3.9054,9,3.9054,0.0216,0.553,-0.0
7048,+,FS329,RNH2A-KO-T3-17,32,7.3051,7.2113,32,7.2113,0.0938,1.3006,0.0
13120,+,FS185,CD4+T,31,3.5851,3.5687,31,3.5687,0.0164,0.4593,-0.0
13120,+,FS186,CD4+T,48,2.177,2.1413,48,2.1413,0.0357,1.6692,-0.0
13120,+,FS187,CD4+T,3,5.0898,5.4366,3,5.4366,0.3468,-6.3793,0.0
13120,+,FS188,CD4+T,10,13.8329,14.4543,10,14.4543,0.6215,-4.2995,-0.0
13120,+,FS189,CD4+T,14,10.4593,10.4283,14,10.4283,0.031,0.2976,0.0
13120,+,FS193,HCT116,6,4.0614,4.0792,6,4.0792,0.0178,-0.4371,0.0
13120,+,FS195,WB-GTP-control,65,48.239,50.4443,65,50.4443,2.2052,-4.3716,-0.0
13120,+,FS196,WB-GTP-PTSD,18,5.6822,6.0211,18,6.0211,0.3389,-5.6281,0.0
13120,+,FS197,hESC-H9,11,8.413,9.5599,11,9.5599,1.1469,-11.9969,0.0
13120,+,FS198,hESC-H9,2,2.7539,3.4926,2,3.4926,0.7387,-21.1502,-0.0
13120,+,FS199,hESC-H9,3,4.6386,6.1496,3,6.1496,1.511,-24.5707,0.0
13120,+,FS201,hESC-H9,8,12.1052,16.292,8,16.292,4.1868,-25.6986,-0.0
13120,+,FS203,HEK293T,34,19.7305,21.3009,34,21.3009,1.5704,-7.3725,0.0
13120,+,FS257,DLTB,7,0.1055,0.1054,7,0.1054,0.0002,0.1603,0.0
13120,+,FS258,TLTB,3,0.0826,0.0827,3,0.0827,0.0001,-0.062,-0.0
13120,+,FS259,DLTB,40,0.1431,0.1421,40,0.1421,0.001,0.7206,-0.0
13120,+,FS260,TLTB,33,0.1803,0.1786,33,0.1786,0.0017,0.9668,0.0
13120,+,FS261,DLTB,4,0.0526,0.0533,4,0.0533,0.0007,-1.2712,0.0
13120,+,FS262,TLTB,50,0.453,0.4582,50,0.4582,0.0052,-1.1264,0.0
13120,+,FS263,DLTB,272,1.1827,1.1795,270,1.1882,0.0033,0.2775,0.7407
13120,+,FS264,TLTB,236,1.2147,1.2191,236,1.2191,0.0044,-0.3588,0.0
13120,+,FS300,RNH2A-KO-T3-8,144,13.324,13.3116,144,13.3116,0.0125,0.0938,0.0
13120,+,FS301,RNH2A-KO-T3-17,140,8.846,8.7753,139,8.8384,0.0708,0.8066,0.7194
13120,+,FS303,hESC-H9,571,23.5003,23.4501,579,23.1261,0.0501,0.2137,-1.3817
13120,+,FS305,HEK293T,1071,12.6854,12.562,1071,12.562,0.1234,0.9825,0.0
13120,+,FS306,RNH2A-KO-T3-8,414,47.2868,46.7655,414,46.7655,0.5213,1.1147,0.0
13120,+,FS307,RNH2A-KO-T3-17,9,1.2701,1.2481,9,1.2481,0.0219,1.7562,-0.0
13120,+,FS309,RNH2A-KO-T3-8,75,23.9045,23.5613,74,23.8797,0.3432,1.4566,1.3514
13120,+,FS310,RNH2A-KO-T3-17,2,7.0823,6.9545,2,6.9545,0.1278,1.838,0.0
13120,+,FS326,HEK293T,30,2.7392,2.6823,30,2.6823,0.0569,2.1216,-0.0
13120,+,FS327,RNH2A-KO-T3-8,10,4.3634,4.3394,10,4.3394,0.024,0.553,-0.0
13120,+,FS329,RNH2A-KO-T3-17,16,3.6525,3.6056,16,3.6056,0.0469,1.3006,0.0
6465,+,FS185,CD4+T,31,3.5851,3.6839,32,3.5687,0.0987,-2.6801,-3.125
6465,+,FS186,CD4+T,109,4.9437,4.8625,109,4.8625,0.0812,1.6692,0.0
6465,+,FS187,CD4+T,6,10.1796,10.8732,6,10.8732,0.6936,-6.3793,0.0
6465,+,FS188,CD4+T,9,12.4496,13.0089,9,13.0089,0.5593,-4.2995,0.0
6465,+,FS189,CD4+T,13,9.7122,9.6834,13,9.6834,0.0288,0.2976,0.0
6465,+,FS193,HCT116,11,7.4458,7.4785,11,7.4785,0.0327,-0.4371,0.0
6465,+,FS195,WB-GTP-control,8,5.9371,6.2085,8,6.2085,0.2714,-4.3716,0.0
6465,+,FS196,WB-GTP-PTSD,24,7.5763,8.0281,24,8.0281,0.4518,-5.6281,0.0
6465,+,FS197,hESC-H9,1,0.7648,0.8691,1,0.8691,0.1043,-11.9969,0.0
6465,+,FS198,hESC-H9,3,4.1309,5.2389,3,5.2389,1.108,-21.1502,-0.0
6465,+,FS199,hESC-H9,2,3.0924,4.0997,2,4.0997,1.0073,-24.5707,-0.0
6465,+,FS201,hESC-H9,3,4.5395,6.1095,3,6.1095,1.5701,-25.6986,0.0
6465,+,FS203,HEK293T,7,4.0622,4.3855,7,4.3855,0.3233,-7.3725,-0.0
6465,+,FS257,DLTB,16,0.2412,0.2408,16,0.2408,0.0004,0.1603,-0.0
6465,+,FS258,TLTB,1,0.0275,0.0276,1,0.0276,0.0,-0.062,-0.0
6465,+,FS259,DLTB,14,0.0501,0.0462,13,0.0497,0.0039,8.4684,7.6923
6465,+,FS260,TLTB,10,0.0546,0.0541,10,0.0541,0.0005,0.9668,0.0
6465,+,FS261,DLTB,21,0.2761,0.2797,21,0.2797,0.0036,-1.2712,-0.0
6465,+,FS262,TLTB,17,0.154,0.1558,17,0.1558,0.0018,-1.1264,0.0
6465,+,FS263,DLTB,198,0.861,0.8606,197,0.8649,0.0004,0.0454,0.5076
6465,+,FS264,TLTB,100,0.5147,0.5166,100,0.5166,0.0019,-0.3588,0.0
6465,+,FS300,RNH2A-KO-T3-8,51,4.7189,4.7145,51,4.7145,0.0044,0.0938,0.0
6465,+,FS301,RNH2A-KO-T3-17,94,5.9395,5.9343,94,5.9343,0.0051,0.0866,0.0
6465,+,FS303,hESC-H9,145,5.9677,5.8727,145,5.8727,0.095,1.6178,0.0
6465,+,FS305,HEK293T,721,8.5398,8.445,720,8.4568,0.0948,1.1228,0.1389
6465,+,FS306,RNH2A-KO-T3-8,27,3.0839,3.0499,27,3.0499,0.034,1.1147,0.0
6465,+,FS307,RNH2A-KO-T3-17,49,6.9147,6.7954,49,6.7954,0.1193,1.7562,0.0
6465,+,FS309,RNH2A-KO-T3-8,24,7.6494,7.3231,23,7.6415,0.3263,4.4562,4.3478
6465,+,FS310,RNH2A-KO-T3-17,2,7.0823,6.9545,2,6.9545,0.1278,1.838,0.0
6465,+,FS326,HEK293T,25,2.2827,2.3246,26,2.2352,0.042,-1.8061,-3.8462
6465,+,FS327,RNH2A-KO-T3-8,11,4.7997,4.7733,11,4.7733,0.0264,0.553,0.0
6465,+,FS329,RNH2A-KO-T3-17,17,3.8808,3.831,17,3.831,0.0498,1.3006,-0.0
7088,+,FS185,CD4+T,5,0.5782,0.5756,5,0.5756,0.0026,0.4593,0.0
7088,+,FS186,CD4+T,85,3.8552,3.7919,85,3.7919,0.0633,1.6692,-0.0
7088,+,FS187,CD4+T,4,6.7864,7.2488,4,7.2488,0.4624,-6.3793,0.0
7088,+,FS188,CD4+T,7,9.683,10.118,7,10.118,0.435,-4.2995,0.0
7088,+,FS189,CD4+T,17,12.7006,12.6629,17,12.6629,0.0377,0.2976,0.0
7088,+,FS193,HCT116,7,4.7383,4.7591,7,4.7591,0.0208,-0.4371,0.0
7088,+,FS195,WB-GTP-control,11,8.1635,8.5367,11,8.5367,0.3732,-4.3716,-0.0
7088,+,FS196,WB-GTP-PTSD,68,21.4661,22.7463,68,22.7463,1.2802,-5.6281,0.0
7088,+,FS197,hESC-H9,29,22.1797,25.2033,29,25.2033,3.0236,-11.9969,0.0
7088,+,FS198,hESC-H9,11,15.1466,19.2094,11,19.2094,4.0628,-21.1502,0.0
7088,+,FS199,hESC-H9,11,17.0081,22.5484,11,22.5484,5.5403,-24.5707,-0.0
7088,+,FS201,hESC-H9,9,13.6184,18.3285,9,18.3285,4.7102,-25.6986,0.0
7088,+,FS203,HEK293T,12,6.9637,7.518,12,7.518,0.5543,-7.3725,-0.0
7088,+,FS257,DLTB,2,0.0301,0.0301,2,0.0301,0.0,0.1603,-0.0
7088,+,FS258,TLTB,2,0.0551,0.0551,2,0.0551,0.0,-0.062,-0.0
7088,+,FS259,DLTB,11,0.0393,0.0391,11,0.0391,0.0003,0.7206,0.0
7088,+,FS260,TLTB,13,0.071,0.0704,13,0.0704,0.0007,0.9668,-0.0
7088,+,FS261,DLTB,8,0.1052,0.1065,8,0.1065,0.0014,-1.2712,-0.0
7088,+,FS262,TLTB,29,0.2628,0.2657,29,0.2657,0.003,-1.1264,-0.0
7088,+,FS263,DLTB,73,0.3174,0.3189,73,0.3189,0.0015,-0.4598,-0.0
7088,+,FS264,TLTB,45,0.2316,0.2325,45,0.2325,0.0008,-0.3588,-0.0
7088,+,FS300,RNH2A-KO-T3-8,63,5.8293,5.8238,63,5.8238,0.0055,0.0938,-0.0
7088,+,FS301,RNH2A-KO-T3-17,168,10.6152,10.5429,167,10.6061,0.0723,0.6859,0.5988
7088,+,FS303,hESC-H9,383,15.7629,15.4714,382,15.5119,0.2915,1.8838,0.2618
7088,+,FS305,HEK293T,711,8.4214,8.3277,710,8.3395,0.0937,1.1247,0.1408
7088,+,FS306,RNH2A-KO-T3-8,156,17.8182,17.6218,156,17.6218,0.1964,1.1147,0.0
7088,+,FS307,RNH2A-KO-T3-17,3,0.4234,0.416,3,0.416,0.0073,1.7562,0.0
7088,+,FS309,RNH2A-KO-T3-8,9,2.8685,2.5472,8,2.8656,0.3214,12.6169,12.5
7088,+,FS310,RNH2A-KO-T3-17,1,3.5411,3.4772,1,3.4772,0.0639,1.838,0.0
7088,+,FS326,HEK293T,25,2.2827,2.2352,25,2.2352,0.0474,2.1216,0.0
7088,+,FS327,RNH2A-KO-T3-8,5,2.1817,2.1697,5,2.1697,0.012,0.553,0.0
7088,+,FS329,RNH2A-KO-T3-17,8,1.8263,1.8028,8,1.8028,0.0234,1.3006,-0.0
8208,+,FS185,CD4+T,29,3.3538,3.1083,27,3.3385,0.2456,7.9007,7.4074
8208,+,FS186,CD4+T,93,4.218,4.1934,94,4.1487,0.0246,0.5876,-1.0638
8208,+,FS187,CD4+T,4,6.7864,7.2488,4,7.2488,0.4624,-6.3793,0.0
8208,+,FS188,CD4+T,3,4.1499,4.3363,3,4.3363,0.1864,-4.2995,0.0
8208,+,FS189,CD4+T,10,7.4709,7.4488,10,7.4488,0.0222,0.2976,-0.0
8208,+,FS193,HCT116,6,4.0614,4.0792,6,4.0792,0.0178,-0.4371,0.0
8208,+,FS195,WB-GTP-control,12,8.9057,9.3128,12,9.3128,0.4071,-4.3716,0.0
8208,+,FS196,WB-GTP-PTSD,98,30.9365,32.4469,97,32.7814,1.5105,-4.6552,1.0309
8208,+,FS197,hESC-H9,19,14.5315,16.5125,19,16.5125,1.981,-11.9969,-0.0
8208,+,FS198,hESC-H9,8,11.0157,13.9705,8,13.9705,2.9548,-21.1502,0.0
8208,+,FS199,hESC-H9,4,6.1848,8.1994,4,8.1994,2.0147,-24.5707,0.0
8208,+,FS201,hESC-H9,2,3.0263,4.073,2,4.073,1.0467,-25.6986,0.0
8208,+,FS203,HEK293T,2,1.1606,1.253,2,1.253,0.0924,-7.3725,-0.0
8208,+,FS257,DLTB,9,0.1357,0.1355,9,0.1355,0.0002,0.1603,0.0
8208,+,FS258,TLTB,3,0.0826,0.0827,3,0.0827,0.0001,-0.062,-0.0
8208,+,FS259,DLTB,77,0.2754,0.2735,77,0.2735,0.002,0.7206,-0.0
8208,+,FS260,TLTB,123,0.6721,0.6656,123,0.6656,0.0064,0.9668,0.0
8208,+,FS261,DLTB,2,0.0263,0.0266,2,0.0266,0.0003,-1.2712,-0.0
8208,+,FS262,TLTB,2,0.0181,0.0183,2,0.0183,0.0002,-1.1264,-0.0
8208,+,FS263,DLTB,10,0.0435,0.0437,10,0.0437,0.0002,-0.4598,0.0
8208,+,FS264,TLTB,8,0.0412,0.0413,8,0.0413,0.0001,-0.3588,0.0
8208,+,FS300,RNH2A-KO-T3-8,34,3.146,3.143,34,3.143,0.0029,0.0938,0.0
8208,+,FS301,RNH2A-KO-T3-17,83,5.2444,5.1768,82,5.2399,0.0677,1.3071,1.2195
8208,+,FS303,hESC-H9,509,20.9486,20.6151,509,20.6151,0.3335,1.6178,-0.0
8208,+,FS305,HEK293T,1809,21.4266,21.1947,1807,21.2181,0.2319,1.0943,0.1107
8208,+,FS306,RNH2A-KO-T3-8,106,12.1072,11.8608,105,11.9738,0.2464,2.0777,0.9524
8208,+,FS307,RNH2A-KO-T3-17,12,1.6934,1.6642,12,1.6642,0.0292,1.7562,0.0
8208,+,FS309,RNH2A-KO-T3-8,33,10.518,9.2335,29,10.5071,1.2845,13.9113,13.7931
8208,+,FS310,RNH2A-KO-T3-17,2,7.0823,6.9545,2,6.9545,0.1278,1.838,0.0
8208,+,FS326,HEK293T,92,8.4002,8.2257,92,8.2257,0.1745,2.1216,0.0
8208,+,FS327,RNH2A-KO-T3-8,8,3.4907,3.4715,8,3.4715,0.0192,0.553,-0.0
8208,+,FS329,RNH2A-KO-T3-17,40,9.1313,9.0141,40,9.0141,0.1172,1.3006,-0.0
13093,+,FS185,CD4+T,68,7.8642,7.8282,68,7.8282,0.036,0.4593,0.0
13093,+,FS186,CD4+T,129,5.8508,5.3978,121,5.7547,0.4529,8.3912,6.6116
13093,+,FS187,CD4+T,3,5.0898,5.4366,3,5.4366,0.3468,-6.3793,0.0
13093,+,FS188,CD4+T,2,2.7666,2.8909,2,2.8909,0.1243,-4.2995,-0.0
13093,+,FS189,CD4+T,3,2.2413,2.2346,3,2.2346,0.0067,0.2976,0.0
13093,+,FS193,HCT116,13,8.7996,8.8383,13,8.8383,0.0386,-0.4371,0.0
13093,+,FS195,WB-GTP-control,6,4.4528,4.6564,6,4.6564,0.2036,-4.3716,0.0
13093,+,FS196,WB-GTP-PTSD,8,2.5254,2.676,8,2.676,0.1506,-5.6281,0.0
13093,+,FS197,hESC-H9,5,3.8241,4.3454,5,4.3454,0.5213,-11.9969,0.0
13093,+,FS198,hESC-H9,3,4.1309,5.2389,3,5.2389,1.108,-21.1502,-0.0
13093,+,FS199,hESC-H9,2,3.0924,4.0997,2,4.0997,1.0073,-24.5707,-0.0
13093,+,FS201,hESC-H9,4,6.0526,8.146,4,8.146,2.0934,-25.6986,-0.0
13093,+,FS203,HEK293T,14,8.1243,8.1445,13,8.771,0.0201,-0.2473,7.6923
13093,+,FS257,DLTB,15,0.2261,0.2258,15,0.2258,0.0004,0.1603,-0.0
13093,+,FS258,TLTB,3,0.0826,0.0827,3,0.0827,0.0001,-0.062,-0.0
13093,+,FS259,DLTB,56,0.2003,0.1989,56,0.1989,0.0014,0.7206,0.0
13093,+,FS260,TLTB,49,0.2677,0.2652,49,0.2652,0.0026,0.9668,0.0
13093,+,FS261,DLTB,9,0.1183,0.1199,9,0.1199,0.0015,-1.2712,-0.0
13093,+,FS262,TLTB,14,0.1268,0.1283,14,0.1283,0.0014,-1.1264,-0.0
13093,+,FS263,DLTB,203,0.8827,0.8781,201,0.8868,0.0047,0.5306,0.995
13093,+,FS264,TLTB,34,0.175,0.1756,34,0.1756,0.0006,-0.3588,0.0
13093,+,FS300,RNH2A-KO-T3-8,210,19.4309,19.4127,210,19.4127,0.0182,0.0938,-0.0
13093,+,FS301,RNH2A-KO-T3-17,130,8.2142,8.2071,130,8.2071,0.0071,0.0866,-0.0
13093,+,FS303,hESC-H9,158,6.5027,6.3992,158,6.3992,0.1035,1.6178,0.0
13093,+,FS305,HEK293T,677,8.0187,7.9876,681,7.9407,0.0311,0.3894,-0.5874
13093,+,FS306,RNH2A-KO-T3-8,230,26.2704,26.2068,232,25.9808,0.0637,0.243,-0.8621
13093,+,FS307,RNH2A-KO-T3-17,5,0.7056,0.6934,5,0.6934,0.0122,1.7562,0.0
13093,+,FS309,RNH2A-KO-T3-8,5,1.5936,1.592,5,1.592,0.0017,0.1039,0.0
13093,+,FS310,RNH2A-KO-T3-17,3,10.6234,10.4317,3,10.4317,0.1917,1.838,-0.0
13093,+,FS326,HEK293T,31,2.8305,2.8611,32,2.7717,0.0306,-1.0697,-3.125
13093,+,FS327,RNH2A-KO-T3-8,6,2.618,2.6036,6,2.6036,0.0144,0.553,0.0
13093,+,FS329,RNH2A-KO-T3-17,22,5.0222,4.9577,22,4.9577,0.0645,1.3006,0.0
13561,+,FS185,CD4+T,18,2.0817,2.1873,19,2.0722,0.1056,-4.8281,-5.2632
13561,+,FS186,CD4+T,76,3.447,3.3904,76,3.3904,0.0566,1.6692,-0.0
13561,+,FS187,CD4+T,3,5.0898,5.4366,3,5.4366,0.3468,-6.3793,0.0
13561,+,FS188,CD4+T,13,17.9827,18.7906,13,18.7906,0.8079,-4.2995,0.0
13561,+,FS189,CD4+T,7,5.2296,5.2141,7,5.2141,0.0155,0.2976,0.0
13561,+,FS193,HCT116,3,2.0307,2.0396,3,2.0396,0.0089,-0.4371,0.0
13561,+,FS195,WB-GTP-control,10,7.4214,7.7607,10,7.7607,0.3393,-4.3716,-0.0
13561,+,FS196,WB-GTP-PTSD,26,8.2076,8.6971,26,8.6971,0.4895,-5.6281,0.0
13561,+,FS197,hESC-H9,4,3.0593,3.4763,4,3.4763,0.417,-11.9969,0.0
13561,+,FS198,hESC-H9,8,11.0157,13.9705,8,13.9705,2.9548,-21.1502,0.0
13561,+,FS199,hESC-H9,9,13.9157,18.4487,9,18.4487,4.533,-24.5707,-0.0
13561,+,FS201,hESC-H9,3,4.5395,6.1095,3,6.1095,1.5701,-25.6986,0.0
13561,+,FS203,HEK293T,7,4.0622,4.3855,7,4.3855,0.3233,-7.3725,-0.0
13561,+,FS257,DLTB,3,0.0452,0.0452,3,0.0452,0.0001,0.1603,0.0
13561,+,FS258,TLTB,1,0.0275,0.0276,1,0.0276,0.0,-0.062,-0.0
13561,+,FS259,DLTB,49,0.1753,0.174,49,0.174,0.0013,0.7206,-0.0
13561,+,FS260,TLTB,29,0.1585,0.1569,29,0.1569,0.0015,0.9668,-0.0
13561,+,FS261,DLTB,27,0.355,0.3463,26,0.3596,0.0087,2.5261,3.8462
13561,+,FS262,TLTB,71,0.6433,0.6506,71,0.6506,0.0073,-1.1264,0.0
13561,+,FS263,DLTB,124,0.5392,0.5373,123,0.5417,0.0019,0.3494,0.813
13561,+,FS264,TLTB,209,1.0757,1.0796,209,1.0796,0.0039,-0.3588,-0.0
13561,+,FS300,RNH2A-KO-T3-8,55,5.089,5.0843,55,5.0843,0.0048,0.0938,-0.0
13561,+,FS301,RNH2A-KO-T3-17,200,12.6372,12.5631,199,12.6263,0.0741,0.5895,0.5025
13561,+,FS303,hESC-H9,138,5.6796,5.5892,138,5.5892,0.0904,1.6178,0.0
13561,+,FS305,HEK293T,456,5.4011,5.3485,456,5.3485,0.0525,0.9825,0.0
13561,+,FS306,RNH2A-KO-T3-8,45,5.1399,5.0832,45,5.0832,0.0567,1.1147,-0.0
13561,+,FS307,RNH2A-KO-T3-17,6,0.8467,0.8321,6,0.8321,0.0146,1.7562,0.0
13561,+,FS309,RNH2A-KO-T3-8,7,2.2311,2.2288,7,2.2288,0.0023,0.1039,0.0
13561,+,FS310,RNH2A-KO-T3-17,1,3.5411,3.4772,1,3.4772,0.0639,1.838,0.0
13561,+,FS326,HEK293T,40,3.6523,3.5764,40,3.5764,0.0759,2.1216,-0.0
13561,+,FS327,RNH2A-KO-T3-8,23,10.0357,9.9805,23,9.9805,0.0552,0.553,-0.0
13561,+,FS329,RNH2A-KO-T3-17,49,11.1859,11.0422,49,11.0422,0.1436,1.3006,-0.0
7054,+,FS185,CD4+T,19,2.1973,2.0722,18,2.1873,0.1252,6.0403,5.5556
7054,+,FS186,CD4+T,107,4.853,4.7733,107,4.7733,0.0797,1.6692,-0.0
7054,+,FS187,CD4+T,2,3.3932,3.6244,2,3.6244,0.2312,-6.3793,-0.0
7054,+,FS188,CD4+T,4,5.5331,5.7817,4,5.7817,0.2486,-4.2995,0.0
7054,+,FS189,CD4+T,15,11.2064,11.1731,15,11.1731,0.0333,0.2976,-0.0
7054,+,FS193,HCT116,5,3.3845,3.3993,5,3.3993,0.0149,-0.4371,-0.0
7054,+,FS195,WB-GTP-control,7,5.195,5.4325,7,5.4325,0.2375,-4.3716,0.0
7054,+,FS196,WB-GTP-PTSD,15,4.7352,5.0176,15,5.0176,0.2824,-5.6281,0.0
7054,+,FS197,hESC-H9,1,0.7648,0.8691,1,0.8691,0.1043,-11.9969,0.0
7054,+,FS198,hESC-H9,3,4.1309,5.2389,3,5.2389,1.108,-21.1502,-0.0
7054,+,FS199,hESC-H9,2,3.0924,4.0997,2,4.0997,1.0073,-24.5707,-0.0
7054,+,FS201,hESC-H9,1,1.5132,2.0365,1,2.0365,0.5234,-25.6986,0.0
7054,+,FS203,HEK293T,8,4.6425,5.012,8,5.012,0.3695,-7.3725,0.0
7054,+,FS257,DLTB,23,0.3467,0.3462,23,0.3462,0.0006,0.1603,-0.0
7054,+,FS258,TLTB,4,0.1102,0.1103,4,0.1103,0.0001,-0.062,-0.0
7054,+,FS259,DLTB,84,0.3005,0.2983,84,0.2983,0.0021,0.7206,0.0
7054,+,FS260,TLTB,66,0.3606,0.3572,66,0.3572,0.0035,0.9668,-0.0
7054,+,FS261,DLTB,33,0.4339,0.4395,33,0.4395,0.0056,-1.2712,-0.0
7054,+,FS262,TLTB,43,0.3896,0.394,43,0.394,0.0044,-1.1264,0.0
7054,+,FS263,DLTB,429,1.8654,1.8697,428,1.8741,0.0042,-0.2273,0.2336
7054,+,FS264,TLTB,172,0.8853,0.8885,172,0.8885,0.0032,-0.3588,-0.0
7054,+,FS300,RNH2A-KO-T3-8,120,11.1034,11.093,120,11.093,0.0104,0.0938,-0.0
7054,+,FS301,RNH2A-KO-T3-17,273,17.2498,17.2348,273,17.2348,0.0149,0.0866,0.0
7054,+,FS303,hESC-H9,195,8.0255,7.8977,195,7.8977,0.1278,1.6178,-0.0
7054,+,FS305,HEK293T,1385,16.4046,16.2684,1387,16.245,0.1361,0.8369,-0.1442
7054,+,FS306,RNH2A-KO-T3-8,279,31.8672,31.4029,278,31.5159,0.4643,1.4784,0.3597
7054,+,FS307,RNH2A-KO-T3-17,1,0.1411,0.1387,1,0.1387,0.0024,1.7562,-0.0
7054,+,FS309,RNH2A-KO-T3-8,2,0.6375,0.6368,2,0.6368,0.0007,0.1039,-0.0
7054,+,FS310,RNH2A-KO-T3-17,2,7.0823,6.9545,2,6.9545,0.1278,1.838,0.0
7054,+,FS326,HEK293T,28,2.5566,2.5929,29,2.5035,0.0363,-1.3998,-3.4483
7054,+,FS327,RNH2A-KO-T3-8,14,6.1087,6.0751,14,6.0751,0.0336,0.553,0.0
7054,+,FS329,RNH2A-KO-T3-17,22,5.0222,4.9577,22,4.9577,0.0645,1.3006,0.0
13575,+,FS185,CD4+T,12,1.3878,1.2663,11,1.3815,0.1215,9.5919,9.0909
13575,+,FS186,CD4+T,54,2.4492,2.4089,54,2.4089,0.0402,1.6692,0.0
13575,+,FS187,CD4+T,4,6.7864,7.2488,4,7.2488,0.4624,-6.3793,0.0
13575,+,FS188,CD4+T,3,4.1499,4.3363,3,4.3363,0.1864,-4.2995,0.0
13575,+,FS189,CD4+T,7,5.2296,5.2141,7,5.2141,0.0155,0.2976,0.0
13575,+,FS193,HCT116,4,2.7076,2.7195,4,2.7195,0.0119,-0.4371,-0.0
13575,+,FS195,WB-GTP-control,9,6.6793,6.9846,9,6.9846,0.3053,-4.3716,-0.0
13575,+,FS196,WB-GTP-PTSD,27,8.5233,9.0316,27,9.0316,0.5083,-5.6281,0.0
13575,+,FS197,hESC-H9,26,19.8852,22.5961,26,22.5961,2.7108,-11.9969,-0.0
13575,+,FS198,hESC-H9,6,8.2618,10.4779,6,10.4779,2.2161,-21.1502,-0.0
13575,+,FS199,hESC-H9,25,38.6548,51.2464,25,51.2464,12.5916,-24.5707,0.0
13575,+,FS201,hESC-H9,9,13.6184,18.3285,9,18.3285,4.7102,-25.6986,0.0
13575,+,FS203,HEK293T,11,6.3834,6.8915,11,6.8915,0.5081,-7.3725,0.0
13575,+,FS257,DLTB,1,0.0151,0.0151,1,0.0151,0.0,0.1603,0.0
13575,+,FS258,TLTB,1,0.0275,0.0276,1,0.0276,0.0,-0.062,-0.0
13575,+,FS259,DLTB,57,0.2039,0.2024,57,0.2024,0.0015,0.7206,0.0
13575,+,FS260,TLTB,34,0.1858,0.184,34,0.184,0.0018,0.9668,0.0
13575,+,FS261,DLTB,25,0.3287,0.3329,25,0.3329,0.0042,-1.2712,0.0
13575,+,FS262,TLTB,29,0.2628,0.2657,29,0.2657,0.003,-1.1264,-0.0
13575,+,FS263,DLTB,111,0.4827,0.4849,111,0.4849,0.0022,-0.4598,0.0
13575,+,FS264,TLTB,178,0.9162,0.9195,178,0.9195,0.0033,-0.3588,-0.0
13575,+,FS300,RNH2A-KO-T3-8,23,2.1281,2.1262,23,2.1262,0.002,0.0938,0.0
13575,+,FS301,RNH2A-KO-T3-17,91,5.7499,5.6818,90,5.7449,0.0681,1.1986,1.1111
13575,+,FS303,hESC-H9,93,3.8275,3.7666,93,3.7666,0.0609,1.6178,-0.0
13575,+,FS305,HEK293T,403,4.7733,4.7269,403,4.7269,0.0464,0.9825,0.0
13575,+,FS306,RNH2A-KO-T3-8,33,3.7692,3.7277,33,3.7277,0.0416,1.1147,-0.0
13575,+,FS307,RNH2A-KO-T3-17,6,0.8467,0.8321,6,0.8321,0.0146,1.7562,0.0
13575,+,FS309,RNH2A-KO-T3-8,6,1.9124,1.9104,6,1.9104,0.002,0.1039,-0.0
13575,+,FS310,RNH2A-KO-T3-17,1,3.5411,3.4772,1,3.4772,0.0639,1.838,0.0
13575,+,FS326,HEK293T,25,2.2827,2.2352,25,2.2352,0.0474,2.1216,0.0
13575,+,FS327,RNH2A-KO-T3-8,15,6.545,6.509,15,6.509,0.036,0.553,-0.0
13575,+,FS329,RNH2A-KO-T3-17,22,5.0222,4.7324,21,4.9577,0.2898,6.1245,4.7619
7105,+,FS185,CD4+T,6,0.6939,0.6907,6,0.6907,0.0032,0.4593,0.0
7105,+,FS186,CD4+T,55,2.4945,2.4536,55,2.4536,0.041,1.6692,0.0
7105,+,FS187,CD4+T,2,3.3932,3.6244,2,3.6244,0.2312,-6.3793,-0.0
7105,+,FS188,CD4+T,1,1.3833,1.4454,1,1.4454,0.0621,-4.2995,-0.0
7105,+,FS189,CD4+T,2,1.4942,1.4898,2,1.4898,0.0044,0.2976,0.0
7105,+,FS193,HCT116,6,4.0614,4.0792,6,4.0792,0.0178,-0.4371,0.0
7105,+,FS195,WB-GTP-control,13,9.6478,10.0889,13,10.0889,0.441,-4.3716,-0.0
7105,+,FS196,WB-GTP-PTSD,30,9.4703,10.0351,30,10.0351,0.5648,-5.6281,-0.0
7105,+,FS197,hESC-H9,17,13.0019,14.7744,17,14.7744,1.7725,-11.9969,-0.0
7105,+,FS198,hESC-H9,3,4.1309,3.4926,2,5.2389,0.6383,18.2747,50.0
7105,+,FS199,hESC-H9,5,7.731,10.2493,5,10.2493,2.5183,-24.5707,-0.0
7105,+,FS201,hESC-H9,4,6.0526,8.146,4,8.146,2.0934,-25.6986,-0.0
7105,+,FS203,HEK293T,13,7.544,8.1445,13,8.1445,0.6005,-7.3725,0.0
7105,+,FS257,DLTB,3,0.0452,0.0452,3,0.0452,0.0001,0.1603,0.0
7105,+,FS258,TLTB,2,0.0551,0.0551,2,0.0551,0.0,-0.062,-0.0
7105,+,FS259,DLTB,11,0.0393,0.0391,11,0.0391,0.0003,0.7206,0.0
7105,+,FS260,TLTB,14,0.0765,0.0758,14,0.0758,0.0007,0.9668,-0.0
7105,+,FS261,DLTB,11,0.1446,0.1465,11,0.1465,0.0019,-1.2712,-0.0
7105,+,FS262,TLTB,14,0.1268,0.1283,14,0.1283,0.0014,-1.1264,-0.0
7105,+,FS263,DLTB,135,0.587,0.5897,135,0.5897,0.0027,-0.4598,0.0
7105,+,FS264,TLTB,48,0.2471,0.248,48,0.248,0.0009,-0.3588,0.0
7105,+,FS300,RNH2A-KO-T3-8,59,5.4592,5.454,59,5.454,0.0051,0.0938,0.0
7105,+,FS301,RNH2A-KO-T3-17,199,12.574,12.4369,197,12.5631,0.1371,1.1027,1.0152
7105,+,FS303,hESC-H9,464,19.0965,18.7925,464,18.7925,0.304,1.6178,0.0
7105,+,FS305,HEK293T,906,10.7311,10.6267,906,10.6267,0.1044,0.9825,-0.0
7105,+,FS306,RNH2A-KO-T3-8,106,12.1072,11.8608,105,11.9738,0.2464,2.0777,0.9524
7105,+,FS307,RNH2A-KO-T3-17,1,0.1411,0.1387,1,0.1387,0.0024,1.7562,-0.0
7105,+,FS309,RNH2A-KO-T3-8,9,2.8685,2.8656,9,2.8656,0.003,0.1039,0.0
7105,+,FS310,RNH2A-KO-T3-17,2,7.0823,6.9545,2,6.9545,0.1278,1.838,0.0
7105,+,FS326,HEK293T,35,3.1957,3.1293,35,3.1293,0.0664,2.1216,0.0
7105,+,FS327,RNH2A-KO-T3-8,12,5.236,5.2072,12,5.2072,0.0288,0.553,0.0
7105,+,FS329,RNH2A-KO-T3-17,16,3.6525,3.6056,16,3.6056,0.0469,1.3006,0.0
7097,+,FS185,CD4+T,7,0.8095,0.8058,7,0.8058,0.0037,0.4593,0.0
7097,+,FS186,CD4+T,76,3.447,3.3904,76,3.3904,0.0566,1.6692,-0.0
7097,+,FS187,CD4+T,2,3.3932,3.6244,2,3.6244,0.2312,-6.3793,-0.0
7097,+,FS188,CD4+T,6,8.2997,8.6726,6,8.6726,0.3729,-4.2995,-0.0
7097,+,FS189,CD4+T,7,5.2296,5.2141,7,5.2141,0.0155,0.2976,0.0
7097,+,FS193,HCT116,4,2.7076,2.7195,4,2.7195,0.0119,-0.4371,-0.0
7097,+,FS195,WB-GTP-control,14,10.3899,10.8649,14,10.8649,0.475,-4.3716,-0.0
7097,+,FS196,WB-GTP-PTSD,32,10.1017,10.7041,32,10.7041,0.6024,-5.6281,0.0
7097,+,FS197,hESC-H9,5,3.8241,4.3454,5,4.3454,0.5213,-11.9969,0.0
7097,+,FS198,hESC-H9,2,2.7539,3.4926,2,3.4926,0.7387,-21.1502,-0.0
7097,+,FS199,hESC-H9,1,1.5462,2.0499,1,2.0499,0.5037,-24.5707,-0.0
7097,+,FS201,hESC-H9,4,6.0526,8.146,4,8.146,2.0934,-25.6986,-0.0
7097,+,FS203,HEK293T,8,4.6425,5.012,8,5.012,0.3695,-7.3725,0.0
7097,+,FS257,DLTB,1,0.0151,0.0151,1,0.0151,0.0,0.1603,0.0
7097,+,FS258,TLTB,3,0.0826,0.0827,3,0.0827,0.0001,-0.062,-0.0
7097,+,FS259,DLTB,33,0.118,0.1172,33,0.1172,0.0008,0.7206,0.0
7097,+,FS260,TLTB,30,0.1639,0.1623,30,0.1623,0.0016,0.9668,-0.0
7097,+,FS261,DLTB,9,0.1183,0.1199,9,0.1199,0.0015,-1.2712,-0.0
7097,+,FS262,TLTB,23,0.2084,0.2108,23,0.2108,0.0024,-1.1264,0.0
7097,+,FS263,DLTB,78,0.3392,0.3407,78,0.3407,0.0016,-0.4598,-0.0
7097,+,FS264,TLTB,82,0.4221,0.4236,82,0.4236,0.0015,-0.3588,-0.0
7097,+,FS300,RNH2A-KO-T3-8,48,4.4413,4.4372,48,4.4372,0.0042,0.0938,0.0
7097,+,FS301,RNH2A-KO-T3-17,145,9.162,9.154,145,9.154,0.0079,0.0866,0.0
7097,+,FS303,hESC-H9,179,7.367,7.2497,179,7.2497,0.1173,1.6178,0.0
7097,+,FS305,HEK293T,551,6.5263,6.4745,552,6.4628,0.0518,0.7996,-0.1812
7097,+,FS306,RNH2A-KO-T3-8,70,7.9954,7.9072,70,7.9072,0.0881,1.1147,0.0
7097,+,FS307,RNH2A-KO-T3-17,4,0.5645,0.5547,4,0.5547,0.0097,1.7562,-0.0
7097,+,FS309,RNH2A-KO-T3-8,3,0.9562,0.9552,3,0.9552,0.001,0.1039,0.0
7097,+,FS310,RNH2A-KO-T3-17,2,7.0823,6.9545,2,6.9545,0.1278,1.838,0.0
7097,+,FS326,HEK293T,31,2.8305,2.7717,31,2.7717,0.0588,2.1216,-0.0
7097,+,FS327,RNH2A-KO-T3-8,3,1.309,1.3018,3,1.3018,0.0072,0.553,-0.0
7097,+,FS329,RNH2A-KO-T3-17,16,3.6525,3.6056,16,3.6056,0.0469,1.3006,0.0
7122,+,FS185,CD4+T,12,1.3878,1.3815,12,1.3815,0.0063,0.4593,0.0
7122,+,FS186,CD4+T,100,4.5355,4.461,100,4.461,0.0745,1.6692,0.0
7122,+,FS187,CD4+T,2,3.3932,3.6244,2,3.6244,0.2312,-6.3793,-0.0
7122,+,FS188,CD4+T,1,1.3833,1.4454,1,1.4454,0.0621,-4.2995,-0.0
7122,+,FS189,CD4+T,5,3.7355,3.7244,5,3.7244,0.0111,0.2976,-0.0
7122,+,FS193,HCT116,5,3.3845,3.3993,5,3.3993,0.0149,-0.4371,-0.0
7122,+,FS195,WB-GTP-control,9,6.6793,6.9846,9,6.9846,0.3053,-4.3716,-0.0
7122,+,FS196,WB-GTP-PTSD,40,12.6271,13.3802,40,13.3802,0.753,-5.6281,0.0
7122,+,FS197,hESC-H9,9,6.8834,7.8217,9,7.8217,0.9384,-11.9969,0.0
7122,+,FS198,hESC-H9,1,1.377,1.7463,1,1.7463,0.3693,-21.1502,-0.0
7122,+,FS199,hESC-H9,4,6.1848,8.1994,4,8.1994,2.0147,-24.5707,0.0
7122,+,FS201,hESC-H9,1,1.5132,2.0365,1,2.0365,0.5234,-25.6986,0.0
7122,+,FS203,HEK293T,1,0.5803,0.6265,1,0.6265,0.0462,-7.3725,0.0
7122,+,FS257,DLTB,6,0.0904,0.0903,6,0.0903,0.0001,0.1603,0.0
7122,+,FS258,TLTB,6,0.1653,0.1654,6,0.1654,0.0001,-0.062,0.0
7122,+,FS259,DLTB,30,0.1073,0.103,29,0.1065,0.0043,4.1937,3.4483
7122,+,FS260,TLTB,23,0.1257,0.1245,23,0.1245,0.0012,0.9668,-0.0
7122,+,FS261,DLTB,7,0.092,0.0932,7,0.0932,0.0012,-1.2712,-0.0
7122,+,FS262,TLTB,23,0.2084,0.2108,23,0.2108,0.0024,-1.1264,0.0
7122,+,FS263,DLTB,102,0.4435,0.4456,102,0.4456,0.002,-0.4598,0.0
7122,+,FS264,TLTB,88,0.4529,0.4546,88,0.4546,0.0016,-0.3588,-0.0
7122,+,FS300,RNH2A-KO-T3-8,115,10.6407,10.6308,115,10.6308,0.01,0.0938,0.0
7122,+,FS301,RNH2A-KO-T3-17,280,17.6921,17.5505,278,17.6768,0.1416,0.8066,0.7194
7122,+,FS303,hESC-H9,555,22.8418,22.4376,554,22.4781,0.4041,1.8012,0.1805
7122,+,FS305,HEK293T,1215,14.391,14.2393,1214,14.251,0.1517,1.0657,0.0824
7122,+,FS306,RNH2A-KO-T3-8,134,15.3054,15.1367,134,15.1367,0.1687,1.1147,0.0
7122,+,FS307,RNH2A-KO-T3-17,6,0.8467,0.8321,6,0.8321,0.0146,1.7562,0.0
7122,+,FS309,RNH2A-KO-T3-8,23,7.3307,7.0047,22,7.3231,0.326,4.6541,4.5455
7122,+,FS310,RNH2A-KO-T3-17,1,3.5411,3.4772,1,3.4772,0.0639,1.838,0.0
7122,+,FS326,HEK293T,37,3.3783,3.3081,37,3.3081,0.0702,2.1216,-0.0
7122,+,FS327,RNH2A-KO-T3-8,19,8.2904,8.2448,19,8.2448,0.0456,0.553,0.0
7122,+,FS329,RNH2A-KO-T3-17,22,5.0222,4.9577,22,4.9577,0.0645,1.3006,0.0
7018,+,FS185,CD4+T,78,9.0207,8.8643,77,8.9794,0.1564,1.7639,1.2987
7018,+,FS186,CD4+T,327,14.831,14.5875,327,14.5875,0.2435,1.6692,0.0
7018,+,FS187,CD4+T,13,22.0558,23.5587,13,23.5587,1.5029,-6.3793,0.0
7018,+,FS188,CD4+T,15,20.7493,21.6815,15,21.6815,0.9322,-4.2995,-0.0
7018,+,FS189,CD4+T,83,62.0086,61.8246,83,61.8246,0.184,0.2976,0.0
7018,+,FS193,HCT116,28,18.953,19.0362,28,19.0362,0.0832,-0.4371,0.0
7018,+,FS195,WB-GTP-control,24,17.8113,18.6256,24,18.6256,0.8142,-4.3716,0.0
7018,+,FS196,WB-GTP-PTSD,81,25.5699,27.0948,81,27.0948,1.5249,-5.6281,0.0
7018,+,FS197,hESC-H9,6,4.5889,5.2145,6,5.2145,0.6256,-11.9969,0.0
7018,+,FS198,hESC-H9,2,2.7539,1.7463,1,3.4926,1.0076,57.6997,100.0
7018,+,FS199,hESC-H9,1,1.5462,2.0499,1,2.0499,0.5037,-24.5707,-0.0
7018,+,FS201,hESC-H9,2,3.0263,4.073,2,4.073,1.0467,-25.6986,0.0
7018,+,FS203,HEK293T,18,10.4456,10.6505,17,11.277,0.2049,-1.9238,5.8824
7018,+,FS257,DLTB,68,1.0251,1.0234,68,1.0234,0.0016,0.1603,0.0
7018,+,FS258,TLTB,36,0.9917,0.9923,36,0.9923,0.0006,-0.062,0.0
7018,+,FS259,DLTB,612,2.1892,2.1699,611,2.1735,0.0192,0.8855,0.1637
7018,+,FS260,TLTB,468,2.5571,2.5218,466,2.5326,0.0353,1.4001,0.4292
7018,+,FS261,DLTB,116,1.5252,1.5448,116,1.5448,0.0196,-1.2712,-0.0
7018,+,FS262,TLTB,174,1.5765,1.5853,173,1.5945,0.0088,-0.5549,0.578
7018,+,FS263,DLTB,1698,7.3835,7.4088,1696,7.4176,0.0254,-0.3425,0.1179
7018,+,FS264,TLTB,795,4.092,4.1067,795,4.1067,0.0147,-0.3588,0.0
7018,+,FS300,RNH2A-KO-T3-8,8,0.7402,0.7395,8,0.7395,0.0007,0.0938,-0.0
7018,+,FS301,RNH2A-KO-T3-17,45,2.8434,2.7778,44,2.8409,0.0656,2.3613,2.2727
7018,+,FS303,hESC-H9,86,3.5394,3.6046,89,3.4831,0.0652,-1.8075,-3.3708
7018,+,FS305,HEK293T,337,3.9916,4.0231,343,3.9527,0.0315,-0.784,-1.7493
7018,+,FS306,RNH2A-KO-T3-8,30,3.4266,3.3888,30,3.3888,0.0378,1.1147,0.0
7018,+,FS307,RNH2A-KO-T3-17,12,1.6934,1.6642,12,1.6642,0.0292,1.7562,0.0
7018,+,FS309,RNH2A-KO-T3-8,7,2.2311,2.2288,7,2.2288,0.0023,0.1039,0.0
7018,+,FS310,RNH2A-KO-T3-17,0,0.0,3.4772,1,0.0,3.4772,-100.0,-100.0
7018,+,FS326,HEK293T,24,2.1914,2.1458,24,2.1458,0.0455,2.1216,-0.0
7018,+,FS327,RNH2A-KO-T3-8,2,0.8727,0.8679,2,0.8679,0.0048,0.553,0.0
7018,+,FS329,RNH2A-KO-T3-17,12,2.7394,2.7042,12,2.7042,0.0352,1.3006,0.0
7098,+,FS185,CD4+T,12,1.3878,1.3815,12,1.3815,0.0063,0.4593,0.0
7098,+,FS186,CD4+T,77,3.4923,3.435,77,3.435,0.0573,1.6692,0.0
7098,+,FS187,CD4+T,1,1.6966,1.8122,1,1.8122,0.1156,-6.3793,0.0
7098,+,FS188,CD4+T,5,6.9164,7.2272,5,7.2272,0.3107,-4.2995,0.0
7098,+,FS189,CD4+T,3,2.2413,2.2346,3,2.2346,0.0067,0.2976,0.0
7098,+,FS193,HCT116,5,3.3845,3.3993,5,3.3993,0.0149,-0.4371,-0.0
7098,+,FS195,WB-GTP-control,13,9.6478,10.0889,13,10.0889,0.441,-4.3716,-0.0
7098,+,FS196,WB-GTP-PTSD,26,8.2076,8.6971,26,8.6971,0.4895,-5.6281,0.0
7098,+,FS197,hESC-H9,11,8.413,9.5599,11,9.5599,1.1469,-11.9969,0.0
7098,+,FS198,hESC-H9,3,4.1309,5.2389,3,5.2389,1.108,-21.1502,-0.0
7098,+,FS199,hESC-H9,7,10.8233,14.349,7,14.349,3.5257,-24.5707,-0.0
7098,+,FS201,hESC-H9,1,1.5132,2.0365,1,2.0365,0.5234,-25.6986,0.0
7098,+,FS203,HEK293T,8,4.6425,5.012,8,5.012,0.3695,-7.3725,0.0
7098,+,FS257,DLTB,4,0.0603,0.0301,2,0.0602,0.0302,100.3206,100.0
7098,+,FS258,TLTB,3,0.0826,0.0827,3,0.0827,0.0001,-0.062,-0.0
7098,+,FS259,DLTB,25,0.0894,0.0888,25,0.0888,0.0006,0.7206,-0.0
7098,+,FS260,TLTB,9,0.0492,0.0487,9,0.0487,0.0005,0.9668,-0.0
7098,+,FS261,DLTB,7,0.092,0.0932,7,0.0932,0.0012,-1.2712,-0.0
7098,+,FS262,TLTB,35,0.3171,0.3207,35,0.3207,0.0036,-1.1264,-0.0
7098,+,FS263,DLTB,117,0.5088,0.5067,116,0.5111,0.002,0.3983,0.8621
7098,+,FS264,TLTB,65,0.3346,0.3358,65,0.3358,0.0012,-0.3588,0.0
7098,+,FS300,RNH2A-KO-T3-8,61,5.6442,5.6389,61,5.6389,0.0053,0.0938,0.0
7098,+,FS301,RNH2A-KO-T3-17,199,12.574,12.5,198,12.5631,0.074,0.5921,0.5051
7098,+,FS303,hESC-H9,391,16.0921,15.8359,391,15.8359,0.2562,1.6178,0.0
7098,+,FS305,HEK293T,864,10.2336,10.1223,863,10.134,0.1113,1.0995,0.1159
7098,+,FS306,RNH2A-KO-T3-8,114,13.021,12.8775,114,12.8775,0.1435,1.1147,-0.0
7098,+,FS307,RNH2A-KO-T3-17,5,0.7056,0.6934,5,0.6934,0.0122,1.7562,0.0
7098,+,FS309,RNH2A-KO-T3-8,5,1.5936,1.592,5,1.592,0.0017,0.1039,0.0
7098,+,FS310,RNH2A-KO-T3-17,1,3.5411,3.4772,1,3.4772,0.0639,1.838,0.0
7098,+,FS326,HEK293T,41,3.7436,3.6658,41,3.6658,0.0778,2.1216,-0.0
7098,+,FS327,RNH2A-KO-T3-8,6,2.618,2.6036,6,2.6036,0.0144,0.553,0.0
7098,+,FS329,RNH2A-KO-T3-17,20,4.5657,4.507,20,4.507,0.0586,1.3006,-0.0
13187,+,FS185,CD4+T,25,2.8912,2.878,25,2.878,0.0132,0.4593,0.0
13187,+,FS186,CD4+T,59,2.6759,2.632,59,2.632,0.0439,1.6692,-0.0
13187,+,FS187,CD4+T,1,1.6966,1.8122,1,1.8122,0.1156,-6.3793,0.0
13187,+,FS188,CD4+T,3,4.1499,4.3363,3,4.3363,0.1864,-4.2995,0.0
13187,+,FS189,CD4+T,8,5.9767,5.959,8,5.959,0.0177,0.2976,0.0
13187,+,FS193,HCT116,1,0.6769,0.6799,1,0.6799,0.003,-0.4371,0.0
13187,+,FS195,WB-GTP-control,24,17.8113,18.6256,24,18.6256,0.8142,-4.3716,0.0
13187,+,FS196,WB-GTP-PTSD,31,9.786,10.7041,32,10.3696,0.9181,-8.5772,-3.125
13187,+,FS197,hESC-H9,8,6.1185,6.9526,8,6.9526,0.8341,-11.9969,-0.0
13187,+,FS198,hESC-H9,1,1.377,1.7463,1,1.7463,0.3693,-21.1502,-0.0
13187,+,FS199,hESC-H9,2,3.0924,4.0997,2,4.0997,1.0073,-24.5707,-0.0
13187,+,FS201,hESC-H9,3,4.5395,6.1095,3,6.1095,1.5701,-25.6986,0.0
13187,+,FS203,HEK293T,21,12.1865,13.1565,21,13.1565,0.97,-7.3725,0.0
13187,+,FS257,DLTB,4,0.0603,0.0602,4,0.0602,0.0001,0.1603,0.0
13187,+,FS258,TLTB,4,0.1102,0.1103,4,0.1103,0.0001,-0.062,-0.0
13187,+,FS259,DLTB,36,0.1288,0.1279,36,0.1279,0.0009,0.7206,-0.0
13187,+,FS260,TLTB,28,0.153,0.1515,28,0.1515,0.0015,0.9668,-0.0
13187,+,FS261,DLTB,5,0.0657,0.0666,5,0.0666,0.0008,-1.2712,0.0
13187,+,FS262,TLTB,23,0.2084,0.2108,23,0.2108,0.0024,-1.1264,0.0
13187,+,FS263,DLTB,244,1.061,1.0572,242,1.0659,0.0038,0.3628,0.8264
13187,+,FS264,TLTB,248,1.2765,1.2811,248,1.2811,0.0046,-0.3588,-0.0
13187,+,FS300,RNH2A-KO-T3-8,32,2.9609,2.9581,32,2.9581,0.0028,0.0938,0.0
13187,+,FS301,RNH2A-KO-T3-17,57,3.6016,3.5985,57,3.5985,0.0031,0.0866,0.0
13187,+,FS303,hESC-H9,172,7.0789,6.9662,172,6.9662,0.1127,1.6178,-0.0
13187,+,FS305,HEK293T,690,8.1727,8.0932,690,8.0932,0.0795,0.9825,-0.0
13187,+,FS306,RNH2A-KO-T3-8,147,16.7902,16.6051,147,16.6051,0.1851,1.1147,-0.0
13187,+,FS307,RNH2A-KO-T3-17,35,4.9391,4.8539,35,4.8539,0.0852,1.7562,-0.0
13187,+,FS309,RNH2A-KO-T3-8,37,11.7929,11.1439,35,11.7806,0.649,5.8241,5.7143
13187,+,FS310,RNH2A-KO-T3-17,2,7.0823,6.9545,2,6.9545,0.1278,1.838,0.0
13187,+,FS326,HEK293T,13,1.187,1.1623,13,1.1623,0.0247,2.1216,0.0
13187,+,FS327,RNH2A-KO-T3-8,11,4.7997,4.3394,10,4.7733,0.4603,10.6083,10.0
13187,+,FS329,RNH2A-KO-T3-17,14,3.196,3.1549,14,3.1549,0.041,1.3006,-0.0
7825,-,FS185,CD4+T,28,3.2382,3.2234,28,3.2234,0.0148,0.4593,-0.0
7825,-,FS186,CD4+T,166,7.5289,7.4053,166,7.4053,0.1236,1.6692,0.0
7825,-,FS187,CD4+T,1,1.6966,1.8122,1,1.8122,0.1156,-6.3793,0.0
7825,-,FS188,CD4+T,2,2.7666,2.8909,2,2.8909,0.1243,-4.2995,-0.0
7825,-,FS189,CD4+T,7,5.2296,5.2141,7,5.2141,0.0155,0.2976,0.0
7825,-,FS193,HCT116,9,6.092,6.1188,9,6.1188,0.0267,-0.4371,-0.0
7825,-,FS195,WB-GTP-control,22,16.3271,17.0734,22,17.0734,0.7464,-4.3716,0.0
7825,-,FS196,WB-GTP-PTSD,12,3.7881,4.0141,12,4.0141,0.2259,-5.6281,-0.0
7825,-,FS197,hESC-H9,1,0.7648,0.8691,1,0.8691,0.1043,-11.9969,0.0
7825,-,FS198,hESC-H9,2,2.7539,3.4926,2,3.4926,0.7387,-21.1502,-0.0
7825,-,FS199,hESC-H9,1,1.5462,2.0499,1,2.0499,0.5037,-24.5707,-0.0
7825,-,FS201,hESC-H9,2,3.0263,4.073,2,4.073,1.0467,-25.6986,0.0
7825,-,FS203,HEK293T,21,12.1865,13.1565,21,13.1565,0.97,-7.3725,0.0
7825,-,FS257,DLTB,296,4.4621,4.455,296,4.455,0.0071,0.1603,0.0
7825,-,FS258,TLTB,92,2.5342,2.5358,92,2.5358,0.0016,-0.062,0.0
7825,-,FS259,DLTB,536,1.9173,1.8965,534,1.9036,0.0208,1.0978,0.3745
7825,-,FS260,TLTB,342,1.8686,1.8508,342,1.8508,0.0179,0.9668,0.0
7825,-,FS261,DLTB,259,3.4054,3.4493,259,3.4493,0.0438,-1.2712,0.0
7825,-,FS262,TLTB,293,2.6547,2.685,293,2.685,0.0302,-1.1264,0.0
7825,-,FS263,DLTB,525,2.2829,2.2891,524,2.2934,0.0062,-0.2699,0.1908
7825,-,FS264,TLTB,743,3.8243,3.8329,742,3.8381,0.0086,-0.2245,0.1348
7825,-,FS300,RNH2A-KO-T3-8,137,12.6763,12.6645,137,12.6645,0.0119,0.0938,0.0
7825,-,FS301,RNH2A-KO-T3-17,234,14.7855,14.7096,233,14.7727,0.0759,0.5161,0.4292
7825,-,FS303,hESC-H9,12,0.4939,0.486,12,0.486,0.0079,1.6178,0.0
7825,-,FS305,HEK293T,41,0.4856,0.4809,41,0.4809,0.0047,0.9825,-0.0
7825,-,FS306,RNH2A-KO-T3-8,13,1.4849,1.4685,13,1.4685,0.0164,1.1147,-0.0
7825,-,FS307,RNH2A-KO-T3-17,14,1.9756,1.9415,14,1.9415,0.0341,1.7562,-0.0
7825,-,FS309,RNH2A-KO-T3-8,5,1.5936,1.592,5,1.592,0.0017,0.1039,0.0
7825,-,FS310,RNH2A-KO-T3-17,8,28.3291,27.8178,8,27.8178,0.5113,1.838,0.0
7825,-,FS326,HEK293T,37,3.3783,3.3081,37,3.3081,0.0702,2.1216,-0.0
7825,-,FS327,RNH2A-KO-T3-8,8,3.4907,3.4715,8,3.4715,0.0192,0.553,-0.0
7825,-,FS329,RNH2A-KO-T3-17,10,2.2828,2.2535,10,2.2535,0.0293,1.3006,-0.0
15600,+,FS185,CD4+T,46,5.3199,5.4107,47,5.2956,0.0908,-1.6782,-2.1277
15600,+,FS186,CD4+T,34,1.5421,1.5167,34,1.5167,0.0253,1.6692,-0.0
15600,+,FS187,CD4+T,8,13.5728,14.4976,8,14.4976,0.9248,-6.3793,-0.0
15600,+,FS188,CD4+T,8,11.0663,11.5635,8,11.5635,0.4972,-4.2995,0.0
15600,+,FS189,CD4+T,4,2.9884,2.9795,4,2.9795,0.0089,0.2976,-0.0
15600,+,FS193,HCT116,18,12.1841,12.2376,18,12.2376,0.0535,-0.4371,-0.0
15600,+,FS195,WB-GTP-control,23,17.0692,17.8495,23,17.8495,0.7803,-4.3716,0.0
15600,+,FS196,WB-GTP-PTSD,27,8.5233,9.3661,28,9.0316,0.8428,-8.9985,-3.5714
15600,+,FS197,hESC-H9,50,38.2409,43.454,50,43.454,5.2131,-11.9969,0.0
15600,+,FS198,hESC-H9,11,15.1466,19.2094,11,19.2094,4.0628,-21.1502,0.0
15600,+,FS199,hESC-H9,10,15.4619,20.4986,10,20.4986,5.0367,-24.5707,-0.0
15600,+,FS201,hESC-H9,5,7.5658,10.1825,5,10.1825,2.6168,-25.6986,0.0
15600,+,FS203,HEK293T,13,7.544,8.1445,13,8.1445,0.6005,-7.3725,0.0
15600,+,FS257,DLTB,3,0.0452,0.0452,3,0.0452,0.0001,0.1603,0.0
15600,+,FS258,TLTB,1,0.0275,0.0276,1,0.0276,0.0,-0.062,-0.0
15600,+,FS259,DLTB,5,0.0179,0.0142,4,0.0178,0.0037,25.9008,25.0
15600,+,FS260,TLTB,5,0.0273,0.0271,5,0.0271,0.0003,0.9668,0.0
15600,+,FS261,DLTB,2,0.0263,0.0266,2,0.0266,0.0003,-1.2712,-0.0
15600,+,FS262,TLTB,6,0.0544,0.055,6,0.055,0.0006,-1.1264,0.0
15600,+,FS263,DLTB,8,0.0348,0.0349,8,0.0349,0.0002,-0.4598,-0.0
15600,+,FS264,TLTB,12,0.0618,0.062,12,0.062,0.0002,-0.3588,-0.0
15600,+,FS300,RNH2A-KO-T3-8,6,0.5552,0.5546,6,0.5546,0.0005,0.0938,0.0
15600,+,FS301,RNH2A-KO-T3-17,34,2.1483,2.1465,34,2.1465,0.0019,0.0866,-0.0
15600,+,FS303,hESC-H9,7,0.2881,0.2835,7,0.2835,0.0046,1.6178,-0.0
15600,+,FS305,HEK293T,564,6.6803,6.6153,564,6.6153,0.065,0.9825,-0.0
15600,+,FS306,RNH2A-KO-T3-8,8,0.9138,0.9037,8,0.9037,0.0101,1.1147,-0.0
15600,+,FS307,RNH2A-KO-T3-17,26,3.669,3.6057,26,3.6057,0.0633,1.7562,-0.0
15600,+,FS309,RNH2A-KO-T3-8,7,2.2311,2.2288,7,2.2288,0.0023,0.1039,0.0
15600,+,FS310,RNH2A-KO-T3-17,1,3.5411,3.4772,1,3.4772,0.0639,1.838,0.0
15600,+,FS326,HEK293T,85,7.761,7.5998,85,7.5998,0.1612,2.1216,0.0
15600,+,FS327,RNH2A-KO-T3-8,9,3.927,3.9054,9,3.9054,0.0216,0.553,-0.0
15600,+,FS329,RNH2A-KO-T3-17,13,2.9677,2.9296,13,2.9296,0.0381,1.3006,0.0
6473,+,FS185,CD4+T,18,2.0817,2.0722,18,2.0722,0.0095,0.4593,-0.0
6473,+,FS186,CD4+T,25,1.1339,1.1153,25,1.1153,0.0186,1.6692,-0.0
6473,+,FS187,CD4+T,2,3.3932,3.6244,2,3.6244,0.2312,-6.3793,-0.0
6473,+,FS188,CD4+T,8,11.0663,11.5635,8,11.5635,0.4972,-4.2995,0.0
6473,+,FS189,CD4+T,5,3.7355,3.7244,5,3.7244,0.0111,0.2976,-0.0
6473,+,FS193,HCT116,9,6.092,6.1188,9,6.1188,0.0267,-0.4371,-0.0
6473,+,FS195,WB-GTP-control,7,5.195,5.4325,7,5.4325,0.2375,-4.3716,0.0
6473,+,FS196,WB-GTP-PTSD,35,11.0487,11.7076,35,11.7076,0.6589,-5.6281,-0.0
6473,+,FS197,hESC-H9,6,4.5889,5.2145,6,5.2145,0.6256,-11.9969,0.0
6473,+,FS198,hESC-H9,1,1.377,1.7463,1,1.7463,0.3693,-21.1502,-0.0
6473,+,FS199,hESC-H9,14,21.6467,28.698,14,28.698,7.0513,-24.5707,-0.0
6473,+,FS201,hESC-H9,5,7.5658,10.1825,5,10.1825,2.6168,-25.6986,0.0
6473,+,FS203,HEK293T,16,9.285,10.024,16,10.024,0.739,-7.3725,-0.0
6473,+,FS257,DLTB,2,0.0301,0.0301,2,0.0301,0.0,0.1603,-0.0
6473,+,FS258,TLTB,3,0.0826,0.0827,3,0.0827,0.0001,-0.062,-0.0
6473,+,FS259,DLTB,15,0.0537,0.0533,15,0.0533,0.0004,0.7206,-0.0
6473,+,FS260,TLTB,9,0.0492,0.0487,9,0.0487,0.0005,0.9668,-0.0
6473,+,FS261,DLTB,5,0.0657,0.0666,5,0.0666,0.0008,-1.2712,0.0
6473,+,FS262,TLTB,8,0.0725,0.0733,8,0.0733,0.0008,-1.1264,0.0
6473,+,FS263,DLTB,113,0.4914,0.4936,113,0.4936,0.0023,-0.4598,-0.0
6473,+,FS264,TLTB,44,0.2265,0.2273,44,0.2273,0.0008,-0.3588,0.0
6473,+,FS300,RNH2A-KO-T3-8,16,1.4804,1.4791,16,1.4791,0.0014,0.0938,0.0
6473,+,FS301,RNH2A-KO-T3-17,41,2.5906,2.5884,41,2.5884,0.0022,0.0866,0.0
6473,+,FS303,hESC-H9,289,11.8942,11.7048,289,11.7048,0.1894,1.6178,0.0
6473,+,FS305,HEK293T,478,5.6616,5.6066,478,5.6066,0.0551,0.9825,0.0
6473,+,FS306,RNH2A-KO-T3-8,21,2.3986,2.3722,21,2.3722,0.0264,1.1147,-0.0
6473,+,FS307,RNH2A-KO-T3-17,27,3.8102,3.7444,27,3.7444,0.0658,1.7562,-0.0
6473,+,FS309,RNH2A-KO-T3-8,19,6.0558,5.7311,18,6.0495,0.3247,5.6652,5.5556
6473,+,FS310,RNH2A-KO-T3-17,2,7.0823,6.9545,2,6.9545,0.1278,1.838,0.0
6473,+,FS326,HEK293T,30,2.7392,2.6823,30,2.6823,0.0569,2.1216,-0.0
6473,+,FS327,RNH2A-KO-T3-8,3,1.309,1.3018,3,1.3018,0.0072,0.553,-0.0
6473,+,FS329,RNH2A-KO-T3-17,14,3.196,3.1549,14,3.1549,0.041,1.3006,-0.0
7106,+,FS185,CD4+T,32,3.7008,3.6839,32,3.6839,0.0169,0.4593,0.0
7106,+,FS186,CD4+T,206,9.3431,9.1897,206,9.1897,0.1534,1.6692,-0.0
7106,+,FS187,CD4+T,6,10.1796,10.8732,6,10.8732,0.6936,-6.3793,0.0
7106,+,FS188,CD4+T,9,12.4496,13.0089,9,13.0089,0.5593,-4.2995,0.0
7106,+,FS189,CD4+T,18,13.4477,13.4078,18,13.4078,0.0399,0.2976,-0.0
7106,+,FS193,HCT116,15,10.1534,10.198,15,10.198,0.0446,-0.4371,-0.0
7106,+,FS195,WB-GTP-control,11,8.1635,8.5367,11,8.5367,0.3732,-4.3716,-0.0
7106,+,FS196,WB-GTP-PTSD,14,4.4195,4.6831,14,4.6831,0.2636,-5.6281,-0.0
7106,+,FS197,hESC-H9,1,0.7648,0.8691,1,0.8691,0.1043,-11.9969,0.0
7106,+,FS198,hESC-H9,1,1.377,1.7463,1,1.7463,0.3693,-21.1502,-0.0
7106,+,FS199,hESC-H9,2,3.0924,4.0997,2,4.0997,1.0073,-24.5707,-0.0
7106,+,FS201,hESC-H9,1,1.5132,2.0365,1,2.0365,0.5234,-25.6986,0.0
7106,+,FS203,HEK293T,1,0.5803,0.6265,1,0.6265,0.0462,-7.3725,0.0
7106,+,FS257,DLTB,43,0.6482,0.6472,43,0.6472,0.001,0.1603,0.0
7106,+,FS258,TLTB,28,0.7713,0.7718,28,0.7718,0.0005,-0.062,0.0
7106,+,FS259,DLTB,469,1.6776,1.6621,468,1.6656,0.0156,0.9358,0.2137
7106,+,FS260,TLTB,220,1.2021,1.1905,220,1.1905,0.0115,0.9668,-0.0
7106,+,FS261,DLTB,170,2.2352,2.2507,169,2.264,0.0155,-0.687,0.5917
7106,+,FS262,TLTB,272,2.4645,2.4834,271,2.4925,0.0189,-0.7616,0.369
7106,+,FS263,DLTB,1381,6.005,6.0284,1380,6.0328,0.0234,-0.3877,0.0725
7106,+,FS264,TLTB,792,4.0765,4.0912,792,4.0912,0.0147,-0.3588,0.0
7106,+,FS300,RNH2A-KO-T3-8,32,2.9609,2.9581,32,2.9581,0.0028,0.0938,0.0
7106,+,FS301,RNH2A-KO-T3-17,78,4.9285,4.8611,77,4.9242,0.0674,1.3864,1.2987
7106,+,FS303,hESC-H9,79,3.2513,3.1186,77,3.1996,0.1328,4.2572,2.5974
7106,+,FS305,HEK293T,219,2.5939,2.5687,219,2.5687,0.0252,0.9825,0.0
7106,+,FS306,RNH2A-KO-T3-8,28,3.1981,3.0499,27,3.1629,0.1482,4.8597,3.7037
7106,+,FS307,RNH2A-KO-T3-17,1,0.1411,0.1387,1,0.1387,0.0024,1.7562,-0.0
7106,+,FS309,RNH2A-KO-T3-8,3,0.9562,0.9552,3,0.9552,0.001,0.1039,0.0
7106,+,FS310,RNH2A-KO-T3-17,1,3.5411,3.4772,1,3.4772,0.0639,1.838,0.0
7106,+,FS326,HEK293T,9,0.8218,0.8047,9,0.8047,0.0171,2.1216,-0.0
7106,+,FS327,RNH2A-KO-T3-8,5,2.1817,2.1697,5,2.1697,0.012,0.553,0.0
7106,+,FS329,RNH2A-KO-T3-17,7,1.598,1.5775,7,1.5775,0.0205,1.3006,-0.0
7115,+,FS185,CD4+T,17,1.966,1.9571,17,1.9571,0.009,0.4593,0.0
7115,+,FS186,CD4+T,83,3.7644,3.7026,83,3.7026,0.0618,1.6692,0.0
7115,+,FS187,CD4+T,4,6.7864,7.2488,4,7.2488,0.4624,-6.3793,0.0
7115,+,FS188,CD4+T,6,8.2997,8.6726,6,8.6726,0.3729,-4.2995,-0.0
7115,+,FS189,CD4+T,10,7.4709,7.4488,10,7.4488,0.0222,0.2976,-0.0
7115,+,FS193,HCT116,1,0.6769,0.6799,1,0.6799,0.003,-0.4371,0.0
7115,+,FS195,WB-GTP-control,12,8.9057,9.3128,12,9.3128,0.4071,-4.3716,0.0
7115,+,FS196,WB-GTP-PTSD,23,7.2606,7.6936,23,7.6936,0.433,-5.6281,-0.0
7115,+,FS197,hESC-H9,10,7.6482,8.6908,10,8.6908,1.0426,-11.9969,0.0
7115,+,FS198,hESC-H9,1,1.377,1.7463,1,1.7463,0.3693,-21.1502,-0.0
7115,+,FS199,hESC-H9,4,6.1848,8.1994,4,8.1994,2.0147,-24.5707,0.0
7115,+,FS201,hESC-H9,1,1.5132,2.0365,1,2.0365,0.5234,-25.6986,0.0
7115,+,FS203,HEK293T,9,5.2228,5.6385,9,5.6385,0.4157,-7.3725,-0.0
7115,+,FS257,DLTB,2,0.0301,0.0301,2,0.0301,0.0,0.1603,-0.0
7115,+,FS258,TLTB,3,0.0826,0.0827,3,0.0827,0.0001,-0.062,-0.0
7115,+,FS259,DLTB,12,0.0429,0.0426,12,0.0426,0.0003,0.7206,0.0
7115,+,FS260,TLTB,17,0.0929,0.092,17,0.092,0.0009,0.9668,0.0
7115,+,FS261,DLTB,9,0.1183,0.1199,9,0.1199,0.0015,-1.2712,-0.0
7115,+,FS262,TLTB,25,0.2265,0.2291,25,0.2291,0.0026,-1.1264,-0.0
7115,+,FS263,DLTB,77,0.3348,0.3364,77,0.3364,0.0015,-0.4598,-0.0
7115,+,FS264,TLTB,68,0.35,0.3513,68,0.3513,0.0013,-0.3588,-0.0
7115,+,FS300,RNH2A-KO-T3-8,56,5.1816,5.1767,56,5.1767,0.0049,0.0938,-0.0
7115,+,FS301,RNH2A-KO-T3-17,178,11.2471,11.2374,178,11.2374,0.0097,0.0866,-0.0
7115,+,FS303,hESC-H9,215,8.8486,8.7077,215,8.7077,0.1409,1.6178,0.0
7115,+,FS305,HEK293T,466,5.5195,5.4658,466,5.4658,0.0537,0.9825,0.0
7115,+,FS306,RNH2A-KO-T3-8,53,6.0536,5.9869,53,5.9869,0.0667,1.1147,-0.0
7115,+,FS307,RNH2A-KO-T3-17,9,1.2701,1.2481,9,1.2481,0.0219,1.7562,-0.0
7115,+,FS309,RNH2A-KO-T3-8,8,2.5498,2.2288,7,2.5472,0.321,14.4044,14.2857
7115,+,FS310,RNH2A-KO-T3-17,2,7.0823,6.9545,2,6.9545,0.1278,1.838,0.0
7115,+,FS326,HEK293T,18,1.6435,1.6094,18,1.6094,0.0341,2.1216,-0.0
7115,+,FS327,RNH2A-KO-T3-8,7,3.0544,3.0376,7,3.0376,0.0168,0.553,0.0
7115,+,FS329,RNH2A-KO-T3-17,11,2.5111,2.4789,11,2.4789,0.0322,1.3006,-0.0
12487,+,FS185,CD4+T,25,2.8912,2.878,25,2.878,0.0132,0.4593,0.0
12487,+,FS186,CD4+T,414,18.7769,18.424,413,18.4686,0.3529,1.9154,0.2421
12487,+,FS187,CD4+T,4,6.7864,7.2488,4,7.2488,0.4624,-6.3793,0.0
12487,+,FS188,CD4+T,15,20.7493,21.6815,15,21.6815,0.9322,-4.2995,-0.0
12487,+,FS189,CD4+T,13,9.7122,9.6834,13,9.6834,0.0288,0.2976,0.0
12487,+,FS193,HCT116,21,14.2148,14.2772,21,14.2772,0.0624,-0.4371,0.0
12487,+,FS195,WB-GTP-control,3,2.2264,2.3282,3,2.3282,0.1018,-4.3716,-0.0
12487,+,FS196,WB-GTP-PTSD,39,12.3114,12.7112,38,13.0457,0.3997,-3.1446,2.6316
12487,+,FS197,hESC-H9,3,2.2945,2.6072,3,2.6072,0.3128,-11.9969,0.0
12487,+,FS198,hESC-H9,1,1.377,1.7463,1,1.7463,0.3693,-21.1502,-0.0
12487,+,FS199,hESC-H9,1,1.5462,2.0499,1,2.0499,0.5037,-24.5707,-0.0
12487,+,FS201,hESC-H9,2,3.0263,4.073,2,4.073,1.0467,-25.6986,0.0
12487,+,FS203,HEK293T,1,0.5803,0.6265,1,0.6265,0.0462,-7.3725,0.0
12487,+,FS257,DLTB,25,0.3769,0.3913,26,0.3763,0.0144,-3.692,-3.8462
12487,+,FS258,TLTB,29,0.7988,0.7993,29,0.7993,0.0005,-0.062,0.0
12487,+,FS259,DLTB,463,1.6562,1.6372,461,1.6443,0.019,1.1576,0.4338
12487,+,FS260,TLTB,195,1.0655,1.0553,195,1.0553,0.0102,0.9668,-0.0
12487,+,FS261,DLTB,287,3.7736,3.8088,286,3.8222,0.0353,-0.926,0.3497
12487,+,FS262,TLTB,188,1.7034,1.7045,186,1.7228,0.0011,-0.0633,1.0753
12487,+,FS263,DLTB,1393,6.0572,6.0721,1390,6.0852,0.0149,-0.245,0.2158
12487,+,FS264,TLTB,1235,6.3567,6.3744,1234,6.3796,0.0177,-0.2781,0.081
12487,+,FS300,RNH2A-KO-T3-8,35,3.2385,3.2354,35,3.2354,0.003,0.0938,-0.0
12487,+,FS301,RNH2A-KO-T3-17,47,2.9697,2.9672,47,2.9672,0.0026,0.0866,-0.0
12487,+,FS303,hESC-H9,63,2.5928,2.5516,63,2.5516,0.0413,1.6178,0.0
12487,+,FS305,HEK293T,74,0.8765,0.868,74,0.868,0.0085,0.9825,0.0
12487,+,FS306,RNH2A-KO-T3-8,3,0.3427,0.3389,3,0.3389,0.0038,1.1147,0.0
12487,+,FS307,RNH2A-KO-T3-17,35,4.9391,4.7152,34,4.8539,0.2239,4.749,2.9412
12487,+,FS309,RNH2A-KO-T3-8,8,2.5498,2.5472,8,2.5472,0.0026,0.1039,-0.0
12487,+,FS310,RNH2A-KO-T3-17,2,7.0823,6.9545,2,6.9545,0.1278,1.838,0.0
12487,+,FS326,HEK293T,12,1.0957,1.0729,12,1.0729,0.0228,2.1216,0.0
12487,+,FS327,RNH2A-KO-T3-8,6,2.618,2.6036,6,2.6036,0.0144,0.553,0.0
12487,+,FS329,RNH2A-KO-T3-17,3,0.6848,0.6761,3,0.6761,0.0088,1.3006,-0.0
13588,+,FS185,CD4+T,16,1.8504,1.8419,16,1.8419,0.0085,0.4593,-0.0
13588,+,FS186,CD4+T,35,1.5874,1.5614,35,1.5614,0.0261,1.6692,0.0
13588,+,FS187,CD4+T,1,1.6966,1.8122,1,1.8122,0.1156,-6.3793,0.0
13588,+,FS188,CD4+T,9,12.4496,13.0089,9,13.0089,0.5593,-4.2995,0.0
13588,+,FS189,CD4+T,8,5.9767,5.959,8,5.959,0.0177,0.2976,0.0
13588,+,FS193,HCT116,8,5.4151,5.4389,8,5.4389,0.0238,-0.4371,-0.0
13588,+,FS195,WB-GTP-control,10,7.4214,7.7607,10,7.7607,0.3393,-4.3716,-0.0
13588,+,FS196,WB-GTP-PTSD,16,5.0509,5.3521,16,5.3521,0.3012,-5.6281,0.0
13588,+,FS197,hESC-H9,10,7.6482,8.6908,10,8.6908,1.0426,-11.9969,0.0
13588,+,FS198,hESC-H9,3,4.1309,5.2389,3,5.2389,1.108,-21.1502,-0.0
13588,+,FS199,hESC-H9,7,10.8233,14.349,7,14.349,3.5257,-24.5707,-0.0
13588,+,FS201,hESC-H9,10,15.1315,20.365,10,20.365,5.2335,-25.6986,0.0
13588,+,FS203,HEK293T,10,5.8031,6.265,10,6.265,0.4619,-7.3725,0.0
13588,+,FS257,DLTB,1,0.0151,0.0151,1,0.0151,0.0,0.1603,0.0
13588,+,FS258,TLTB,1,0.0275,0.0276,1,0.0276,0.0,-0.062,-0.0
13588,+,FS259,DLTB,18,0.0644,0.0639,18,0.0639,0.0005,0.7206,0.0
13588,+,FS260,TLTB,27,0.1475,0.1407,26,0.1461,0.0068,4.8501,3.8462
13588,+,FS261,DLTB,19,0.2498,0.253,19,0.253,0.0032,-1.2712,-0.0
13588,+,FS262,TLTB,34,0.3081,0.3116,34,0.3116,0.0035,-1.1264,0.0
13588,+,FS263,DLTB,37,0.1609,0.1573,36,0.1616,0.0036,2.3052,2.7778
13588,+,FS264,TLTB,116,0.5971,0.5992,116,0.5992,0.0021,-0.3588,0.0
13588,+,FS300,RNH2A-KO-T3-8,11,1.0178,1.0169,11,1.0169,0.001,0.0938,-0.0
13588,+,FS301,RNH2A-KO-T3-17,52,3.2857,3.2828,52,3.2828,0.0028,0.0866,-0.0
13588,+,FS303,hESC-H9,43,1.7697,1.7415,43,1.7415,0.0282,1.6178,0.0
13588,+,FS305,HEK293T,311,3.6836,3.6361,310,3.6478,0.0476,1.3082,0.3226
13588,+,FS306,RNH2A-KO-T3-8,10,1.1422,1.1296,10,1.1296,0.0126,1.1147,0.0
13588,+,FS307,RNH2A-KO-T3-17,3,0.4234,0.416,3,0.416,0.0073,1.7562,0.0
13588,+,FS309,RNH2A-KO-T3-8,3,0.9562,0.9552,3,0.9552,0.001,0.1039,0.0
13588,+,FS310,RNH2A-KO-T3-17,2,7.0823,6.9545,2,6.9545,0.1278,1.838,0.0
13588,+,FS326,HEK293T,34,3.1044,3.0399,34,3.0399,0.0645,2.1216,-0.0
13588,+,FS327,RNH2A-KO-T3-8,12,5.236,5.2072,12,5.2072,0.0288,0.553,0.0
13588,+,FS329,RNH2A-KO-T3-17,24,5.4788,5.4084,24,5.4084,0.0703,1.3006,-0.0
7114,+,FS185,CD4+T,6,0.6939,0.8058,7,0.6907,0.1119,-13.892,-14.2857
7114,+,FS186,CD4+T,57,2.5852,2.5428,57,2.5428,0.0424,1.6692,0.0
7114,+,FS187,CD4+T,2,3.3932,3.6244,2,3.6244,0.2312,-6.3793,-0.0
7114,+,FS188,CD4+T,5,6.9164,7.2272,5,7.2272,0.3107,-4.2995,0.0
7114,+,FS189,CD4+T,6,4.4826,4.4693,6,4.4693,0.0133,0.2976,-0.0
7114,+,FS193,HCT116,8,5.4151,5.4389,8,5.4389,0.0238,-0.4371,-0.0
7114,+,FS195,WB-GTP-control,12,8.9057,9.3128,12,9.3128,0.4071,-4.3716,0.0
7114,+,FS196,WB-GTP-PTSD,23,7.2606,7.6936,23,7.6936,0.433,-5.6281,-0.0
7114,+,FS197,hESC-H9,5,3.8241,4.3454,5,4.3454,0.5213,-11.9969,0.0
7114,+,FS198,hESC-H9,1,1.377,1.7463,1,1.7463,0.3693,-21.1502,-0.0
7114,+,FS199,hESC-H9,3,4.6386,6.1496,3,6.1496,1.511,-24.5707,0.0
7114,+,FS201,hESC-H9,1,1.5132,2.0365,1,2.0365,0.5234,-25.6986,0.0
7114,+,FS203,HEK293T,12,6.9637,7.518,12,7.518,0.5543,-7.3725,-0.0
7114,+,FS257,DLTB,6,0.0904,0.0903,6,0.0903,0.0001,0.1603,0.0
7114,+,FS258,TLTB,2,0.0551,0.0551,2,0.0551,0.0,-0.062,-0.0
7114,+,FS259,DLTB,21,0.0751,0.0746,21,0.0746,0.0005,0.7206,-0.0
7114,+,FS260,TLTB,23,0.1257,0.1245,23,0.1245,0.0012,0.9668,-0.0
7114,+,FS261,DLTB,6,0.0789,0.0799,6,0.0799,0.001,-1.2712,-0.0
7114,+,FS262,TLTB,18,0.1631,0.1649,18,0.1649,0.0019,-1.1264,0.0
7114,+,FS263,DLTB,90,0.3913,0.3888,89,0.3932,0.0026,0.6586,1.1236
7114,+,FS264,TLTB,59,0.3037,0.3048,59,0.3048,0.0011,-0.3588,0.0
7114,+,FS300,RNH2A-KO-T3-8,47,4.3488,4.3447,47,4.3447,0.0041,0.0938,-0.0
7114,+,FS301,RNH2A-KO-T3-17,132,8.3405,8.2702,131,8.3333,0.0703,0.8506,0.7634
7114,+,FS303,hESC-H9,184,7.5728,7.4522,184,7.4522,0.1206,1.6178,0.0
7114,+,FS305,HEK293T,492,5.8275,5.7708,492,5.7708,0.0567,0.9825,0.0
7114,+,FS306,RNH2A-KO-T3-8,44,5.0257,4.8573,43,4.9702,0.1684,3.4662,2.3256
7114,+,FS307,RNH2A-KO-T3-17,1,0.1411,0.1387,1,0.1387,0.0024,1.7562,-0.0
7114,+,FS309,RNH2A-KO-T3-8,4,1.2749,1.2736,4,1.2736,0.0013,0.1039,-0.0
7114,+,FS310,RNH2A-KO-T3-17,2,7.0823,6.9545,2,6.9545,0.1278,1.838,0.0
7114,+,FS326,HEK293T,19,1.7348,1.6988,19,1.6988,0.036,2.1216,0.0
7114,+,FS327,RNH2A-KO-T3-8,4,1.7453,1.7357,4,1.7357,0.0096,0.553,0.0
7114,+,FS329,RNH2A-KO-T3-17,5,1.1414,1.1268,5,1.1268,0.0147,1.3006,0.0
14829,-,FS185,CD4+T,18,2.0817,2.0722,18,2.0722,0.0095,0.4593,-0.0
14829,-,FS186,CD4+T,19,0.8617,0.8476,19,0.8476,0.0141,1.6692,0.0
14829,-,FS187,CD4+T,2,3.3932,3.6244,2,3.6244,0.2312,-6.3793,-0.0
14829,-,FS188,CD4+T,1,1.3833,1.4454,1,1.4454,0.0621,-4.2995,-0.0
14829,-,FS189,CD4+T,3,2.2413,2.2346,3,2.2346,0.0067,0.2976,0.0
14829,-,FS193,HCT116,2,1.3538,1.3597,2,1.3597,0.0059,-0.4371,0.0
14829,-,FS195,WB-GTP-control,3,2.2264,2.3282,3,2.3282,0.1018,-4.3716,-0.0
14829,-,FS196,WB-GTP-PTSD,13,4.1038,4.3486,13,4.3486,0.2447,-5.6281,0.0
14829,-,FS197,hESC-H9,1,0.7648,0.8691,1,0.8691,0.1043,-11.9969,0.0
14829,-,FS198,hESC-H9,1,1.377,1.7463,1,1.7463,0.3693,-21.1502,-0.0
14829,-,FS199,hESC-H9,2,3.0924,4.0997,2,4.0997,1.0073,-24.5707,-0.0
14829,-,FS201,hESC-H9,2,3.0263,4.073,2,4.073,1.0467,-25.6986,0.0
14829,-,FS203,HEK293T,10,5.8031,6.265,10,6.265,0.4619,-7.3725,0.0
14829,-,FS257,DLTB,193,2.9094,2.8897,192,2.9048,0.0197,0.682,0.5208
14829,-,FS258,TLTB,61,1.6803,1.6538,60,1.6814,0.0265,1.6036,1.6667
14829,-,FS259,DLTB,376,1.345,1.3353,376,1.3353,0.0096,0.7206,0.0
14829,-,FS260,TLTB,202,1.1037,1.0931,202,1.0931,0.0106,0.9668,0.0
14829,-,FS261,DLTB,20,0.263,0.2664,20,0.2664,0.0034,-1.2712,-0.0
14829,-,FS262,TLTB,36,0.3262,0.3299,36,0.3299,0.0037,-1.1264,-0.0
14829,-,FS263,DLTB,115,0.5001,0.5024,115,0.5024,0.0023,-0.4598,-0.0
14829,-,FS264,TLTB,358,1.8427,1.8441,357,1.8493,0.0015,-0.0797,0.2801
14829,-,FS300,RNH2A-KO-T3-8,124,11.4735,11.2778,122,11.4627,0.1956,1.7347,1.6393
14829,-,FS301,RNH2A-KO-T3-17,57,3.6016,3.5985,57,3.5985,0.0031,0.0866,0.0
14829,-,FS303,hESC-H9,10,0.4116,0.405,10,0.405,0.0066,1.6178,0.0
14829,-,FS305,HEK293T,224,2.6532,2.6273,224,2.6273,0.0258,0.9825,0.0
14829,-,FS306,RNH2A-KO-T3-8,237,27.07,26.6586,236,26.7716,0.4114,1.5431,0.4237
14829,-,FS307,RNH2A-KO-T3-17,166,23.4255,23.0212,166,23.0212,0.4043,1.7562,-0.0
14829,-,FS309,RNH2A-KO-T3-8,60,19.1236,18.467,58,19.1037,0.6566,3.5557,3.4483
14829,-,FS310,RNH2A-KO-T3-17,2,7.0823,6.9545,2,6.9545,0.1278,1.838,0.0
14829,-,FS326,HEK293T,23,2.1,2.0564,23,2.0564,0.0436,2.1216,0.0
14829,-,FS327,RNH2A-KO-T3-8,11,4.7997,4.7733,11,4.7733,0.0264,0.553,0.0
14829,-,FS329,RNH2A-KO-T3-17,38,8.6747,8.5634,38,8.5634,0.1114,1.3006,0.0
8194,+,FS185,CD4+T,15,1.7347,1.8419,16,1.7268,0.1072,-5.8194,-6.25
8194,+,FS186,CD4+T,21,0.9524,0.9368,21,0.9368,0.0156,1.6692,-0.0
8194,+,FS187,CD4+T,1,1.6966,1.8122,1,1.8122,0.1156,-6.3793,0.0
8194,+,FS188,CD4+T,1,1.3833,1.4454,1,1.4454,0.0621,-4.2995,-0.0
8194,+,FS189,CD4+T,15,11.2064,11.1731,15,11.1731,0.0333,0.2976,-0.0
8194,+,FS193,HCT116,1,0.6769,0.6799,1,0.6799,0.003,-0.4371,0.0
8194,+,FS195,WB-GTP-control,11,8.1635,8.5367,11,8.5367,0.3732,-4.3716,-0.0
8194,+,FS196,WB-GTP-PTSD,17,5.3665,5.3521,16,5.6866,0.0145,0.2702,6.25
8194,+,FS197,hESC-H9,6,4.5889,5.2145,6,5.2145,0.6256,-11.9969,0.0
8194,+,FS198,hESC-H9,12,16.5236,20.9557,12,20.9557,4.4322,-21.1502,0.0
8194,+,FS199,hESC-H9,3,4.6386,6.1496,3,6.1496,1.511,-24.5707,0.0
8194,+,FS201,hESC-H9,3,4.5395,6.1095,3,6.1095,1.5701,-25.6986,0.0
8194,+,FS203,HEK293T,10,5.8031,6.265,10,6.265,0.4619,-7.3725,0.0
8194,+,FS257,DLTB,4,0.0603,0.0602,4,0.0602,0.0001,0.1603,0.0
8194,+,FS258,TLTB,10,0.2755,0.2756,10,0.2756,0.0002,-0.062,0.0
8194,+,FS259,DLTB,38,0.1359,0.135,38,0.135,0.001,0.7206,0.0
8194,+,FS260,TLTB,48,0.2623,0.2598,48,0.2598,0.0025,0.9668,0.0
8194,+,FS261,DLTB,1,0.0131,0.0133,1,0.0133,0.0002,-1.2712,-0.0
8194,+,FS262,TLTB,2,0.0181,0.0183,2,0.0183,0.0002,-1.1264,-0.0
8194,+,FS263,DLTB,4,0.0174,0.0175,4,0.0175,0.0001,-0.4598,-0.0
8194,+,FS264,TLTB,1,0.0051,0.0052,1,0.0052,0.0,-0.3588,0.0
8194,+,FS300,RNH2A-KO-T3-8,6,0.5552,0.5546,6,0.5546,0.0005,0.0938,0.0
8194,+,FS301,RNH2A-KO-T3-17,14,0.8846,0.8838,14,0.8838,0.0008,0.0866,-0.0
8194,+,FS303,hESC-H9,270,11.1122,10.9353,270,10.9353,0.1769,1.6178,0.0
8194,+,FS305,HEK293T,725,8.5872,8.5037,725,8.5037,0.0835,0.9825,-0.0
8194,+,FS306,RNH2A-KO-T3-8,54,6.1678,6.0999,54,6.0999,0.068,1.1147,0.0
8194,+,FS307,RNH2A-KO-T3-17,7,0.9878,0.9708,7,0.9708,0.017,1.7562,-0.0
8194,+,FS309,RNH2A-KO-T3-8,9,2.8685,2.5472,8,2.8656,0.3214,12.6169,12.5
8194,+,FS310,RNH2A-KO-T3-17,1,3.5411,3.4772,1,3.4772,0.0639,1.838,0.0
8194,+,FS326,HEK293T,30,2.7392,2.6823,30,2.6823,0.0569,2.1216,-0.0
8194,+,FS327,RNH2A-KO-T3-8,8,3.4907,3.4715,8,3.4715,0.0192,0.553,-0.0
8194,+,FS329,RNH2A-KO-T3-17,24,5.4788,5.4084,24,5.4084,0.0703,1.3006,-0.0
13584,+,FS185,CD4+T,13,1.5034,1.3815,12,1.4966,0.122,8.8309,8.3333
13584,+,FS186,CD4+T,43,1.9503,1.9182,43,1.9182,0.032,1.6692,0.0
13584,+,FS187,CD4+T,2,3.3932,3.6244,2,3.6244,0.2312,-6.3793,-0.0
13584,+,FS188,CD4+T,12,16.5994,17.3452,12,17.3452,0.7458,-4.2995,0.0
13584,+,FS189,CD4+T,4,2.9884,2.9795,4,2.9795,0.0089,0.2976,-0.0
13584,+,FS193,HCT116,11,7.4458,7.4785,11,7.4785,0.0327,-0.4371,0.0
13584,+,FS195,WB-GTP-control,7,5.195,5.4325,7,5.4325,0.2375,-4.3716,0.0
13584,+,FS196,WB-GTP-PTSD,20,6.3136,6.6901,20,6.6901,0.3765,-5.6281,0.0
13584,+,FS197,hESC-H9,10,7.6482,8.6908,10,8.6908,1.0426,-11.9969,0.0
13584,+,FS198,hESC-H9,1,1.377,1.7463,1,1.7463,0.3693,-21.1502,-0.0
13584,+,FS199,hESC-H9,9,13.9157,18.4487,9,18.4487,4.533,-24.5707,-0.0
13584,+,FS201,hESC-H9,2,3.0263,4.073,2,4.073,1.0467,-25.6986,0.0
13584,+,FS203,HEK293T,3,1.7409,1.8795,3,1.8795,0.1386,-7.3725,0.0
13584,+,FS257,DLTB,4,0.0603,0.0602,4,0.0602,0.0001,0.1603,0.0
13584,+,FS258,TLTB,3,0.0826,0.0827,3,0.0827,0.0001,-0.062,-0.0
13584,+,FS259,DLTB,48,0.1717,0.1705,48,0.1705,0.0012,0.7206,0.0
13584,+,FS260,TLTB,43,0.2349,0.2327,43,0.2327,0.0022,0.9668,0.0
13584,+,FS261,DLTB,17,0.2235,0.2264,17,0.2264,0.0029,-1.2712,0.0
13584,+,FS262,TLTB,28,0.2537,0.2566,28,0.2566,0.0029,-1.1264,0.0
13584,+,FS263,DLTB,82,0.3566,0.3582,82,0.3582,0.0016,-0.4598,-0.0
13584,+,FS264,TLTB,192,0.9882,0.9815,190,0.9918,0.0068,0.6901,1.0526
13584,+,FS300,RNH2A-KO-T3-8,16,1.4804,1.3866,15,1.4791,0.0938,6.7667,6.6667
13584,+,FS301,RNH2A-KO-T3-17,67,4.2335,4.2298,67,4.2298,0.0037,0.0866,0.0
13584,+,FS303,hESC-H9,80,3.2925,3.2401,80,3.2401,0.0524,1.6178,-0.0
13584,+,FS305,HEK293T,293,3.4704,3.4367,293,3.4367,0.0338,0.9825,-0.0
13584,+,FS306,RNH2A-KO-T3-8,19,2.1702,2.1462,19,2.1462,0.0239,1.1147,0.0
13584,+,FS307,RNH2A-KO-T3-17,3,0.4234,0.416,3,0.416,0.0073,1.7562,0.0
13584,+,FS309,RNH2A-KO-T3-8,3,0.9562,0.9552,3,0.9552,0.001,0.1039,0.0
13584,+,FS310,RNH2A-KO-T3-17,2,7.0823,6.9545,2,6.9545,0.1278,1.838,0.0
13584,+,FS326,HEK293T,25,2.2827,2.2352,25,2.2352,0.0474,2.1216,0.0
13584,+,FS327,RNH2A-KO-T3-8,10,4.3634,4.3394,10,4.3394,0.024,0.553,-0.0
13584,+,FS329,RNH2A-KO-T3-17,22,5.0222,4.9577,22,4.9577,0.0645,1.3006,0.0
6569,+,FS185,CD4+T,30,3.4695,3.5687,31,3.4536,0.0993,-2.7813,-3.2258
6569,+,FS186,CD4+T,20,0.9071,0.8922,20,0.8922,0.0149,1.6692,0.0
6569,+,FS187,CD4+T,1,1.6966,1.8122,1,1.8122,0.1156,-6.3793,0.0
6569,+,FS188,CD4+T,1,1.3833,1.4454,1,1.4454,0.0621,-4.2995,-0.0
6569,+,FS189,CD4+T,3,2.2413,2.2346,3,2.2346,0.0067,0.2976,0.0
6569,+,FS193,HCT116,2,1.3538,1.3597,2,1.3597,0.0059,-0.4371,0.0
6569,+,FS195,WB-GTP-control,2,1.4843,1.5521,2,1.5521,0.0679,-4.3716,0.0
6569,+,FS196,WB-GTP-PTSD,11,3.4725,3.6795,11,3.6795,0.2071,-5.6281,0.0
6569,+,FS197,hESC-H9,21,16.0612,18.2507,21,18.2507,2.1895,-11.9969,-0.0
6569,+,FS198,hESC-H9,2,2.7539,3.4926,2,3.4926,0.7387,-21.1502,-0.0
6569,+,FS199,hESC-H9,1,1.5462,2.0499,1,2.0499,0.5037,-24.5707,-0.0
6569,+,FS201,hESC-H9,3,4.5395,6.1095,3,6.1095,1.5701,-25.6986,0.0
6569,+,FS203,HEK293T,2,1.1606,1.253,2,1.253,0.0924,-7.3725,-0.0
6569,+,FS257,DLTB,14,0.211,0.2107,14,0.2107,0.0003,0.1603,0.0
6569,+,FS258,TLTB,4,0.1102,0.1103,4,0.1103,0.0001,-0.062,-0.0
6569,+,FS259,DLTB,65,0.2325,0.2308,65,0.2308,0.0017,0.7206,0.0
6569,+,FS260,TLTB,60,0.3278,0.3247,60,0.3247,0.0031,0.9668,0.0
6569,+,FS261,DLTB,8,0.1052,0.1199,9,0.1065,0.0147,-12.2411,-11.1111
6569,+,FS262,TLTB,48,0.4349,0.4399,48,0.4399,0.005,-1.1264,0.0
6569,+,FS263,DLTB,106,0.4609,0.4631,106,0.4631,0.0021,-0.4598,-0.0
6569,+,FS264,TLTB,124,0.6382,0.6405,124,0.6405,0.0023,-0.3588,-0.0
6569,+,FS300,RNH2A-KO-T3-8,12,1.1103,1.1093,12,1.1093,0.001,0.0938,-0.0
6569,+,FS301,RNH2A-KO-T3-17,43,2.717,2.7146,43,2.7146,0.0023,0.0866,0.0
6569,+,FS303,hESC-H9,6,0.2469,3.4426,85,0.243,3.1957,-92.827,-92.9412
6569,+,FS305,HEK293T,211,2.4992,2.5922,221,2.4749,0.093,-3.5868,-4.5249
6569,+,FS306,RNH2A-KO-T3-8,21,2.3986,2.4851,22,2.3722,0.0865,-3.4814,-4.5455
6569,+,FS307,RNH2A-KO-T3-17,98,13.8295,13.8682,100,13.5908,0.0387,-0.2789,-2.0
6569,+,FS309,RNH2A-KO-T3-8,37,11.7929,13.691,43,11.7806,1.8981,-13.8641,-13.9535
6569,+,FS310,RNH2A-KO-T3-17,2,7.0823,6.9545,2,6.9545,0.1278,1.838,0.0
6569,+,FS326,HEK293T,58,5.2958,5.1857,58,5.1857,0.11,2.1216,-0.0
6569,+,FS327,RNH2A-KO-T3-8,16,6.9814,6.943,16,6.943,0.0384,0.553,-0.0
6569,+,FS329,RNH2A-KO-T3-17,37,8.4465,8.338,37,8.338,0.1084,1.3006,-0.0
7086,+,FS185,CD4+T,11,1.2721,1.2663,11,1.2663,0.0058,0.4593,-0.0
7086,+,FS186,CD4+T,72,3.2655,3.2119,72,3.2119,0.0536,1.6692,0.0
7086,+,FS187,CD4+T,1,1.6966,1.8122,1,1.8122,0.1156,-6.3793,0.0
7086,+,FS188,CD4+T,3,4.1499,4.3363,3,4.3363,0.1864,-4.2995,0.0
7086,+,FS189,CD4+T,2,1.4942,1.4898,2,1.4898,0.0044,0.2976,0.0
7086,+,FS193,HCT116,3,2.0307,2.0396,3,2.0396,0.0089,-0.4371,0.0
7086,+,FS195,WB-GTP-control,4,2.9686,3.1043,4,3.1043,0.1357,-4.3716,-0.0
7086,+,FS196,WB-GTP-PTSD,25,7.892,8.3626,25,8.3626,0.4707,-5.6281,0.0
7086,+,FS197,hESC-H9,5,3.8241,4.3454,5,4.3454,0.5213,-11.9969,0.0
7086,+,FS198,hESC-H9,1,1.377,1.7463,1,1.7463,0.3693,-21.1502,-0.0
7086,+,FS199,hESC-H9,1,1.5462,2.0499,1,2.0499,0.5037,-24.5707,-0.0
7086,+,FS201,hESC-H9,2,3.0263,4.073,2,4.073,1.0467,-25.6986,0.0
7086,+,FS203,HEK293T,5,2.9015,3.1325,5,3.1325,0.2309,-7.3725,0.0
7086,+,FS257,DLTB,6,0.0904,0.0903,6,0.0903,0.0001,0.1603,0.0
7086,+,FS258,TLTB,2,0.0551,0.0551,2,0.0551,0.0,-0.062,-0.0
7086,+,FS259,DLTB,42,0.1502,0.1492,42,0.1492,0.0011,0.7206,0.0
7086,+,FS260,TLTB,54,0.295,0.2922,54,0.2922,0.0028,0.9668,0.0
7086,+,FS261,DLTB,22,0.2893,0.293,22,0.293,0.0037,-1.2712,-0.0
7086,+,FS262,TLTB,60,0.5436,0.5498,60,0.5498,0.0062,-1.1264,0.0
7086,+,FS263,DLTB,284,1.2349,1.2363,283,1.2406,0.0013,-0.1081,0.3534
7086,+,FS264,TLTB,206,1.0603,1.0641,206,1.0641,0.0038,-0.3588,-0.0
7086,+,FS300,RNH2A-KO-T3-8,93,8.6051,8.597,93,8.597,0.0081,0.0938,0.0
7086,+,FS301,RNH2A-KO-T3-17,190,12.0053,11.9318,189,11.9949,0.0735,0.6161,0.5291
7086,+,FS303,hESC-H9,374,15.3925,15.1474,374,15.1474,0.2451,1.6178,-0.0
7086,+,FS305,HEK293T,763,9.0373,8.9494,763,8.9494,0.0879,0.9825,0.0
7086,+,FS306,RNH2A-KO-T3-8,162,18.5035,18.2996,162,18.2996,0.204,1.1147,-0.0
7086,+,FS307,RNH2A-KO-T3-17,2,0.2822,0.2774,2,0.2774,0.0049,1.7562,0.0
7086,+,FS309,RNH2A-KO-T3-8,5,1.5936,1.2736,4,1.592,0.32,25.1298,25.0
7086,+,FS310,RNH2A-KO-T3-17,3,10.6234,10.4317,3,10.4317,0.1917,1.838,-0.0
7086,+,FS326,HEK293T,36,3.287,3.2187,36,3.2187,0.0683,2.1216,0.0
7086,+,FS327,RNH2A-KO-T3-8,7,3.0544,3.0376,7,3.0376,0.0168,0.553,0.0
7086,+,FS329,RNH2A-KO-T3-17,7,1.598,1.5775,7,1.5775,0.0205,1.3006,-0.0
14908,-,FS185,CD4+T,10,1.1565,1.1512,10,1.1512,0.0053,0.4593,0.0
14908,-,FS186,CD4+T,48,2.177,2.1413,48,2.1413,0.0357,1.6692,-0.0
14908,-,FS187,CD4+T,5,8.483,9.061,5,9.061,0.578,-6.3793,-0.0
14908,-,FS188,CD4+T,1,1.3833,1.4454,1,1.4454,0.0621,-4.2995,-0.0
14908,-,FS189,CD4+T,5,3.7355,3.7244,5,3.7244,0.0111,0.2976,-0.0
14908,-,FS193,HCT116,5,3.3845,3.3993,5,3.3993,0.0149,-0.4371,-0.0
14908,-,FS195,WB-GTP-control,8,5.9371,6.2085,8,6.2085,0.2714,-4.3716,0.0
14908,-,FS196,WB-GTP-PTSD,15,4.7352,5.0176,15,5.0176,0.2824,-5.6281,0.0
14908,-,FS197,hESC-H9,2,1.5296,1.7382,2,1.7382,0.2085,-11.9969,-0.0
14908,-,FS198,hESC-H9,1,1.377,1.7463,1,1.7463,0.3693,-21.1502,-0.0
14908,-,FS199,hESC-H9,1,1.5462,2.0499,1,2.0499,0.5037,-24.5707,-0.0
14908,-,FS201,hESC-H9,1,1.5132,2.0365,1,2.0365,0.5234,-25.6986,0.0
14908,-,FS203,HEK293T,11,6.3834,7.518,12,6.8915,1.1346,-15.0915,-8.3333
14908,-,FS257,DLTB,94,1.417,1.4148,94,1.4148,0.0023,0.1603,-0.0
14908,-,FS258,TLTB,29,0.7988,0.7993,29,0.7993,0.0005,-0.062,0.0
14908,-,FS259,DLTB,167,0.5974,0.5931,167,0.5931,0.0043,0.7206,0.0
14908,-,FS260,TLTB,93,0.5081,0.5033,93,0.5033,0.0049,0.9668,0.0
14908,-,FS261,DLTB,189,2.485,2.517,189,2.517,0.032,-1.2712,-0.0
14908,-,FS262,TLTB,64,0.5799,0.5865,64,0.5865,0.0066,-1.1264,0.0
14908,-,FS263,DLTB,187,0.8131,0.8169,187,0.8169,0.0038,-0.4598,-0.0
14908,-,FS264,TLTB,275,1.4155,1.4154,274,1.4206,0.0001,0.0049,0.365
14908,-,FS300,RNH2A-KO-T3-8,278,25.7228,25.6987,278,25.6987,0.0241,0.0938,0.0
14908,-,FS301,RNH2A-KO-T3-17,320,20.2195,20.202,320,20.202,0.0175,0.0866,0.0
14908,-,FS303,hESC-H9,3,0.1235,0.1215,3,0.1215,0.002,1.6178,0.0
14908,-,FS305,HEK293T,18,0.2132,0.2111,18,0.2111,0.0021,0.9825,-0.0
14908,-,FS306,RNH2A-KO-T3-8,18,2.0559,2.0333,18,2.0333,0.0227,1.1147,0.0
14908,-,FS307,RNH2A-KO-T3-17,7,0.9878,0.9708,7,0.9708,0.017,1.7562,-0.0
14908,-,FS309,RNH2A-KO-T3-8,6,1.9124,1.9104,6,1.9104,0.002,0.1039,-0.0
14908,-,FS310,RNH2A-KO-T3-17,1,3.5411,3.4772,1,3.4772,0.0639,1.838,0.0
14908,-,FS326,HEK293T,11,1.0044,0.9835,11,0.9835,0.0209,2.1216,-0.0
14908,-,FS327,RNH2A-KO-T3-8,5,2.1817,2.1697,5,2.1697,0.012,0.553,0.0
14908,-,FS329,RNH2A-KO-T3-17,11,2.5111,2.2535,10,2.4789,0.2576,11.4307,10.0
10952,+,FS185,CD4+T,10,1.1565,1.1512,10,1.1512,0.0053,0.4593,0.0
10952,+,FS186,CD4+T,4,0.1814,0.1784,4,0.1784,0.003,1.6692,0.0
10952,+,FS187,CD4+T,2,3.3932,3.6244,2,3.6244,0.2312,-6.3793,-0.0
10952,+,FS188,CD4+T,9,12.4496,13.0089,9,13.0089,0.5593,-4.2995,0.0
10952,+,FS189,CD4+T,1,0.7471,0.7449,1,0.7449,0.0022,0.2976,-0.0
10952,+,FS193,HCT116,4,2.7076,2.7195,4,2.7195,0.0119,-0.4371,-0.0
10952,+,FS195,WB-GTP-control,6,4.4528,4.6564,6,4.6564,0.2036,-4.3716,0.0
10952,+,FS196,WB-GTP-PTSD,6,1.8941,2.007,6,2.007,0.113,-5.6281,0.0
10952,+,FS197,hESC-H9,10,7.6482,8.6908,10,8.6908,1.0426,-11.9969,0.0
10952,+,FS198,hESC-H9,6,8.2618,10.4779,6,10.4779,2.2161,-21.1502,-0.0
10952,+,FS199,hESC-H9,3,4.6386,6.1496,3,6.1496,1.511,-24.5707,0.0
10952,+,FS201,hESC-H9,3,4.5395,6.1095,3,6.1095,1.5701,-25.6986,0.0
10952,+,FS203,HEK293T,4,2.3212,2.506,4,2.506,0.1848,-7.3725,-0.0
10952,+,FS257,DLTB,2,0.0301,0.0301,2,0.0301,0.0,0.1603,-0.0
10952,+,FS258,TLTB,2,0.0551,0.0551,2,0.0551,0.0,-0.062,-0.0
10952,+,FS259,DLTB,11,0.0393,0.0391,11,0.0391,0.0003,0.7206,0.0
10952,+,FS260,TLTB,16,0.0874,0.0866,16,0.0866,0.0008,0.9668,0.0
10952,+,FS261,DLTB,2,0.0263,0.0266,2,0.0266,0.0003,-1.2712,-0.0
10952,+,FS262,TLTB,5,0.0453,0.0458,5,0.0458,0.0005,-1.1264,0.0
10952,+,FS263,DLTB,4,0.0174,0.0175,4,0.0175,0.0001,-0.4598,-0.0
10952,+,FS264,TLTB,16,0.0824,0.0827,16,0.0827,0.0003,-0.3588,0.0
10952,+,FS300,RNH2A-KO-T3-8,8,0.7402,0.7395,8,0.7395,0.0007,0.0938,-0.0
10952,+,FS301,RNH2A-KO-T3-17,17,1.0742,1.0732,17,1.0732,0.0009,0.0866,0.0
10952,+,FS303,hESC-H9,128,5.268,5.1841,128,5.1841,0.0839,1.6178,0.0
10952,+,FS305,HEK293T,398,4.7141,4.6682,398,4.6682,0.0459,0.9825,-0.0
10952,+,FS306,RNH2A-KO-T3-8,97,11.0793,10.9571,97,10.9571,0.1221,1.1147,-0.0
10952,+,FS307,RNH2A-KO-T3-17,14,1.9756,1.9415,14,1.9415,0.0341,1.7562,-0.0
10952,+,FS309,RNH2A-KO-T3-8,5,1.5936,1.592,5,1.592,0.0017,0.1039,0.0
10952,+,FS310,RNH2A-KO-T3-17,3,10.6234,10.4317,3,10.4317,0.1917,1.838,-0.0
10952,+,FS326,HEK293T,13,1.187,1.1623,13,1.1623,0.0247,2.1216,0.0
10952,+,FS327,RNH2A-KO-T3-8,11,4.7997,4.7733,11,4.7733,0.0264,0.553,0.0
10952,+,FS329,RNH2A-KO-T3-17,8,1.8263,1.8028,8,1.8028,0.0234,1.3006,-0.0
14923,-,FS185,CD4+T,4,0.4626,0.4605,4,0.4605,0.0021,0.4593,0.0
14923,-,FS186,CD4+T,30,1.3606,1.2937,29,1.3383,0.0669,5.1751,3.4483
14923,-,FS187,CD4+T,4,6.7864,7.2488,4,7.2488,0.4624,-6.3793,0.0
14923,-,FS188,CD4+T,3,4.1499,4.3363,3,4.3363,0.1864,-4.2995,0.0
14923,-,FS189,CD4+T,5,3.7355,3.7244,5,3.7244,0.0111,0.2976,-0.0
14923,-,FS193,HCT116,4,2.7076,2.7195,4,2.7195,0.0119,-0.4371,-0.0
14923,-,FS195,WB-GTP-control,7,5.195,5.4325,7,5.4325,0.2375,-4.3716,0.0
14923,-,FS196,WB-GTP-PTSD,6,1.8941,2.007,6,2.007,0.113,-5.6281,0.0
14923,-,FS197,hESC-H9,4,3.0593,3.4763,4,3.4763,0.417,-11.9969,0.0
14923,-,FS198,hESC-H9,2,2.7539,3.4926,2,3.4926,0.7387,-21.1502,-0.0
14923,-,FS199,hESC-H9,1,1.5462,2.0499,1,2.0499,0.5037,-24.5707,-0.0
14923,-,FS201,hESC-H9,1,1.5132,2.0365,1,2.0365,0.5234,-25.6986,0.0
14923,-,FS203,HEK293T,5,2.9015,3.1325,5,3.1325,0.2309,-7.3725,0.0
14923,-,FS257,DLTB,87,1.3115,1.2944,86,1.3094,0.0171,1.325,1.1628
14923,-,FS258,TLTB,24,0.6611,0.6615,24,0.6615,0.0004,-0.062,-0.0
14923,-,FS259,DLTB,193,0.6904,0.6854,193,0.6854,0.0049,0.7206,0.0
14923,-,FS260,TLTB,125,0.683,0.6764,125,0.6764,0.0065,0.9668,0.0
14923,-,FS261,DLTB,114,1.4989,1.5049,113,1.5182,0.006,-0.3975,0.885
14923,-,FS262,TLTB,40,0.3624,0.3666,40,0.3666,0.0041,-1.1264,-0.0
14923,-,FS263,DLTB,187,0.8131,0.8169,187,0.8169,0.0038,-0.4598,-0.0
14923,-,FS264,TLTB,229,1.1787,1.1829,229,1.1829,0.0042,-0.3588,0.0
14923,-,FS300,RNH2A-KO-T3-8,119,11.0108,11.0005,119,11.0005,0.0103,0.0938,-0.0
14923,-,FS301,RNH2A-KO-T3-17,287,18.1344,18.1187,287,18.1187,0.0157,0.0866,-0.0
14923,-,FS303,hESC-H9,0,0.0,0.2025,5,0.0,0.2025,-100.0,-100.0
14923,-,FS305,HEK293T,7,0.0829,0.0938,8,0.0821,0.0109,-11.6403,-12.5
14923,-,FS306,RNH2A-KO-T3-8,24,2.7413,2.824,25,2.711,0.0827,-2.9299,-4.0
14923,-,FS307,RNH2A-KO-T3-17,2,0.2822,0.2774,2,0.2774,0.0049,1.7562,0.0
14923,-,FS309,RNH2A-KO-T3-8,2,0.6375,0.6368,2,0.6368,0.0007,0.1039,-0.0
14923,-,FS310,RNH2A-KO-T3-17,1,3.5411,3.4772,1,3.4772,0.0639,1.838,0.0
14923,-,FS326,HEK293T,14,1.2783,1.2517,14,1.2517,0.0266,2.1216,-0.0
14923,-,FS327,RNH2A-KO-T3-8,4,1.7453,1.7357,4,1.7357,0.0096,0.553,0.0
14923,-,FS329,RNH2A-KO-T3-17,11,2.5111,2.4789,11,2.4789,0.0322,1.3006,-0.0
8287,+,FS185,CD4+T,5,0.5782,0.5756,5,0.5756,0.0026,0.4593,0.0
8287,+,FS186,CD4+T,72,3.2655,3.1673,71,3.2119,0.0982,3.1012,1.4085
8287,+,FS187,CD4+T,4,6.7864,7.2488,4,7.2488,0.4624,-6.3793,0.0
8287,+,FS188,CD4+T,6,8.2997,8.6726,6,8.6726,0.3729,-4.2995,-0.0
8287,+,FS189,CD4+T,7,5.2296,5.2141,7,5.2141,0.0155,0.2976,0.0
8287,+,FS193,HCT116,4,2.7076,2.7195,4,2.7195,0.0119,-0.4371,-0.0
8287,+,FS195,WB-GTP-control,7,5.195,5.4325,7,5.4325,0.2375,-4.3716,0.0
8287,+,FS196,WB-GTP-PTSD,20,6.3136,6.6901,20,6.6901,0.3765,-5.6281,0.0
8287,+,FS197,hESC-H9,8,6.1185,6.9526,8,6.9526,0.8341,-11.9969,-0.0
8287,+,FS198,hESC-H9,1,1.377,1.7463,1,1.7463,0.3693,-21.1502,-0.0
8287,+,FS199,hESC-H9,2,3.0924,4.0997,2,4.0997,1.0073,-24.5707,-0.0
8287,+,FS201,hESC-H9,1,1.5132,2.0365,1,2.0365,0.5234,-25.6986,0.0
8287,+,FS203,HEK293T,3,1.7409,1.8795,3,1.8795,0.1386,-7.3725,0.0
8287,+,FS257,DLTB,1,0.0151,0.0151,1,0.0151,0.0,0.1603,0.0
8287,+,FS258,TLTB,4,0.1102,0.1103,4,0.1103,0.0001,-0.062,-0.0
8287,+,FS259,DLTB,21,0.0751,0.0746,21,0.0746,0.0005,0.7206,-0.0
8287,+,FS260,TLTB,22,0.1202,0.1191,22,0.1191,0.0012,0.9668,-0.0
8287,+,FS261,DLTB,3,0.0394,0.04,3,0.04,0.0005,-1.2712,0.0
8287,+,FS262,TLTB,17,0.154,0.1558,17,0.1558,0.0018,-1.1264,0.0
8287,+,FS263,DLTB,57,0.2479,0.249,57,0.249,0.0011,-0.4598,-0.0
8287,+,FS264,TLTB,17,0.0875,0.0878,17,0.0878,0.0003,-0.3588,0.0
8287,+,FS300,RNH2A-KO-T3-8,28,2.5908,2.5884,28,2.5884,0.0024,0.0938,-0.0
8287,+,FS301,RNH2A-KO-T3-17,57,3.6016,3.5985,57,3.5985,0.0031,0.0866,0.0
8287,+,FS303,hESC-H9,106,4.3626,4.2931,106,4.2931,0.0695,1.6178,-0.0
8287,+,FS305,HEK293T,351,4.1574,4.117,351,4.117,0.0404,0.9825,-0.0
8287,+,FS306,RNH2A-KO-T3-8,2,0.2284,0.2259,2,0.2259,0.0025,1.1147,-0.0
8287,+,FS307,RNH2A-KO-T3-17,8,1.1289,1.1095,8,1.1095,0.0195,1.7562,0.0
8287,+,FS309,RNH2A-KO-T3-8,4,1.2749,1.2736,4,1.2736,0.0013,0.1039,-0.0
8287,+,FS310,RNH2A-KO-T3-17,1,3.5411,3.4772,1,3.4772,0.0639,1.838,0.0
8287,+,FS326,HEK293T,14,1.2783,1.2517,14,1.2517,0.0266,2.1216,-0.0
8287,+,FS327,RNH2A-KO-T3-8,1,0.4363,0.4339,1,0.4339,0.0024,0.553,-0.0
8287,+,FS329,RNH2A-KO-T3-17,8,1.8263,1.8028,8,1.8028,0.0234,1.3006,-0.0
9920,+,FS185,CD4+T,22,2.5443,2.5327,22,2.5327,0.0116,0.4593,0.0
9920,+,FS186,CD4+T,28,1.2699,1.2491,28,1.2491,0.0208,1.6692,-0.0
9920,+,FS187,CD4+T,3,5.0898,5.4366,3,5.4366,0.3468,-6.3793,0.0
9920,+,FS188,CD4+T,2,2.7666,2.8909,2,2.8909,0.1243,-4.2995,-0.0
9920,+,FS189,CD4+T,2,1.4942,1.4898,2,1.4898,0.0044,0.2976,0.0
9920,+,FS193,HCT116,2,1.3538,1.3597,2,1.3597,0.0059,-0.4371,0.0
9920,+,FS195,WB-GTP-control,6,4.4528,4.6564,6,4.6564,0.2036,-4.3716,0.0
9920,+,FS196,WB-GTP-PTSD,9,2.8411,3.0105,9,3.0105,0.1694,-5.6281,0.0
9920,+,FS197,hESC-H9,4,3.0593,3.4763,4,3.4763,0.417,-11.9969,0.0
9920,+,FS198,hESC-H9,2,2.7539,3.4926,2,3.4926,0.7387,-21.1502,-0.0
9920,+,FS199,hESC-H9,1,1.5462,2.0499,1,2.0499,0.5037,-24.5707,-0.0
9920,+,FS201,hESC-H9,2,3.0263,4.073,2,4.073,1.0467,-25.6986,0.0
9920,+,FS203,HEK293T,3,1.7409,1.8795,3,1.8795,0.1386,-7.3725,0.0
9920,+,FS257,DLTB,2,0.0301,0.0301,2,0.0301,0.0,0.1603,-0.0
9920,+,FS258,TLTB,4,0.1102,0.1103,4,0.1103,0.0001,-0.062,-0.0
9920,+,FS259,DLTB,13,0.0465,0.0462,13,0.0462,0.0003,0.7206,0.0
9920,+,FS260,TLTB,18,0.0983,0.0974,18,0.0974,0.0009,0.9668,0.0
9920,+,FS261,DLTB,3,0.0394,0.04,3,0.04,0.0005,-1.2712,0.0
9920,+,FS262,TLTB,21,0.1903,0.1924,21,0.1924,0.0022,-1.1264,0.0
9920,+,FS263,DLTB,37,0.1609,0.1616,37,0.1616,0.0007,-0.4598,0.0
9920,+,FS264,TLTB,22,0.1132,0.1136,22,0.1136,0.0004,-0.3588,0.0
9920,+,FS300,RNH2A-KO-T3-8,13,1.2029,1.1093,12,1.2017,0.0936,8.435,8.3333
9920,+,FS301,RNH2A-KO-T3-17,20,1.2637,1.2626,20,1.2626,0.0011,0.0866,-0.0
9920,+,FS303,hESC-H9,262,10.783,10.6113,262,10.6113,0.1717,1.6178,0.0
9920,+,FS305,HEK293T,384,4.5483,4.4923,383,4.504,0.056,1.2462,0.2611
9920,+,FS306,RNH2A-KO-T3-8,26,2.9697,2.937,26,2.937,0.0327,1.1147,0.0
9920,+,FS307,RNH2A-KO-T3-17,9,1.2701,1.2481,9,1.2481,0.0219,1.7562,-0.0
9920,+,FS309,RNH2A-KO-T3-8,5,1.5936,1.592,5,1.592,0.0017,0.1039,0.0
9920,+,FS310,RNH2A-KO-T3-17,1,3.5411,3.4772,1,3.4772,0.0639,1.838,0.0
9920,+,FS326,HEK293T,33,3.0131,2.9505,33,2.9505,0.0626,2.1216,0.0
9920,+,FS327,RNH2A-KO-T3-8,1,0.4363,0.4339,1,0.4339,0.0024,0.553,-0.0
9920,+,FS329,RNH2A-KO-T3-17,9,2.0545,2.0282,9,2.0282,0.0264,1.3006,0.0
13578,+,FS185,CD4+T,8,0.9252,1.0361,9,0.921,0.1109,-10.7029,-11.1111
13578,+,FS186,CD4+T,19,0.8617,0.8922,20,0.8476,0.0305,-3.4142,-5.0
13578,+,FS187,CD4+T,2,3.3932,3.6244,2,3.6244,0.2312,-6.3793,-0.0
13578,+,FS188,CD4+T,4,5.5331,5.7817,4,5.7817,0.2486,-4.2995,0.0
13578,+,FS189,CD4+T,2,1.4942,1.4898,2,1.4898,0.0044,0.2976,0.0
13578,+,FS193,HCT116,2,1.3538,1.3597,2,1.3597,0.0059,-0.4371,0.0
13578,+,FS195,WB-GTP-control,5,3.7107,3.8803,5,3.8803,0.1696,-4.3716,-0.0
13578,+,FS196,WB-GTP-PTSD,3,0.947,1.0035,3,1.0035,0.0565,-5.6281,-0.0
13578,+,FS197,hESC-H9,2,1.5296,1.7382,2,1.7382,0.2085,-11.9969,-0.0
13578,+,FS198,hESC-H9,1,1.377,3.4926,2,1.7463,2.1157,-60.5751,-50.0
13578,+,FS199,hESC-H9,7,10.8233,14.349,7,14.349,3.5257,-24.5707,-0.0
13578,+,FS201,hESC-H9,2,3.0263,4.073,2,4.073,1.0467,-25.6986,0.0
13578,+,FS203,HEK293T,5,2.9015,3.1325,5,3.1325,0.2309,-7.3725,0.0
13578,+,FS257,DLTB,2,0.0301,0.0301,2,0.0301,0.0,0.1603,-0.0
13578,+,FS258,TLTB,1,0.0275,0.0276,1,0.0276,0.0,-0.062,-0.0
13578,+,FS259,DLTB,28,0.1002,0.0959,27,0.0994,0.0043,4.451,3.7037
13578,+,FS260,TLTB,29,0.1585,0.1515,28,0.1569,0.0069,4.5728,3.5714
13578,+,FS261,DLTB,11,0.1446,0.1465,11,0.1465,0.0019,-1.2712,-0.0
13578,+,FS262,TLTB,19,0.1722,0.1741,19,0.1741,0.002,-1.1264,-0.0
13578,+,FS263,DLTB,43,0.187,0.1878,43,0.1878,0.0009,-0.4598,-0.0
13578,+,FS264,TLTB,137,0.7052,0.6974,135,0.7077,0.0078,1.1174,1.4815
13578,+,FS300,RNH2A-KO-T3-8,17,1.573,1.5715,17,1.5715,0.0015,0.0938,0.0
13578,+,FS301,RNH2A-KO-T3-17,46,2.9066,2.904,46,2.904,0.0025,0.0866,-0.0
13578,+,FS303,hESC-H9,42,1.7286,1.701,42,1.701,0.0275,1.6178,-0.0
13578,+,FS305,HEK293T,167,1.978,1.9588,167,1.9588,0.0192,0.9825,-0.0
13578,+,FS306,RNH2A-KO-T3-8,14,1.5991,1.5814,14,1.5814,0.0176,1.1147,0.0
13578,+,FS307,RNH2A-KO-T3-17,4,0.5645,0.5547,4,0.5547,0.0097,1.7562,-0.0
13578,+,FS309,RNH2A-KO-T3-8,1,0.3187,0.3184,1,0.3184,0.0003,0.1039,-0.0
13578,+,FS310,RNH2A-KO-T3-17,5,17.7057,17.3861,5,17.3861,0.3196,1.838,-0.0
13578,+,FS326,HEK293T,12,1.0957,1.0729,12,1.0729,0.0228,2.1216,0.0
13578,+,FS327,RNH2A-KO-T3-8,10,4.3634,4.3394,10,4.3394,0.024,0.553,-0.0
13578,+,FS329,RNH2A-KO-T3-17,7,1.598,1.5775,7,1.5775,0.0205,1.3006,-0.0
12080,-,FS185,CD4+T,3,0.3469,0.4605,4,0.3454,0.1135,-24.6555,-25.0
12080,-,FS186,CD4+T,58,2.6306,2.5874,58,2.5874,0.0432,1.6692,0.0
12080,-,FS187,CD4+T,1,1.6966,1.8122,1,1.8122,0.1156,-6.3793,0.0
12080,-,FS188,CD4+T,1,1.3833,1.4454,1,1.4454,0.0621,-4.2995,-0.0
12080,-,FS189,CD4+T,1,0.7471,0.7449,1,0.7449,0.0022,0.2976,-0.0
12080,-,FS193,HCT116,2,1.3538,1.3597,2,1.3597,0.0059,-0.4371,0.0
12080,-,FS195,WB-GTP-control,4,2.9686,3.1043,4,3.1043,0.1357,-4.3716,-0.0
12080,-,FS196,WB-GTP-PTSD,2,0.6314,0.669,2,0.669,0.0377,-5.6281,0.0
12080,-,FS197,hESC-H9,1,0.7648,0.8691,1,0.8691,0.1043,-11.9969,0.0
12080,-,FS198,hESC-H9,1,1.377,1.7463,1,1.7463,0.3693,-21.1502,-0.0
12080,-,FS199,hESC-H9,1,1.5462,2.0499,1,2.0499,0.5037,-24.5707,-0.0
12080,-,FS201,hESC-H9,1,1.5132,2.0365,1,2.0365,0.5234,-25.6986,0.0
12080,-,FS203,HEK293T,5,2.9015,3.1325,5,3.1325,0.2309,-7.3725,0.0
12080,-,FS257,DLTB,56,0.8442,0.8428,56,0.8428,0.0014,0.1603,0.0
12080,-,FS258,TLTB,31,0.8539,0.882,32,0.8545,0.0281,-3.1851,-3.125
12080,-,FS259,DLTB,71,0.254,0.2522,71,0.2522,0.0018,0.7206,0.0
12080,-,FS260,TLTB,113,0.6174,0.6115,113,0.6115,0.0059,0.9668,0.0
12080,-,FS261,DLTB,107,1.4069,1.425,107,1.425,0.0181,-1.2712,0.0
12080,-,FS262,TLTB,66,0.598,0.6048,66,0.6048,0.0068,-1.1264,-0.0
12080,-,FS263,DLTB,102,0.4435,0.4456,102,0.4456,0.002,-0.4598,0.0
12080,-,FS264,TLTB,171,0.8802,0.8782,170,0.8833,0.002,0.2273,0.5882
12080,-,FS300,RNH2A-KO-T3-8,41,3.7937,3.7901,41,3.7901,0.0036,0.0938,0.0
12080,-,FS301,RNH2A-KO-T3-17,46,2.9066,2.8409,45,2.904,0.0656,2.3107,2.2222
12080,-,FS303,hESC-H9,9,0.3704,0.3645,9,0.3645,0.0059,1.6178,-0.0
12080,-,FS305,HEK293T,32,0.379,0.3753,32,0.3753,0.0037,0.9825,0.0
12080,-,FS306,RNH2A-KO-T3-8,25,2.8555,2.824,25,2.824,0.0315,1.1147,-0.0
12080,-,FS307,RNH2A-KO-T3-17,11,1.5523,1.5255,11,1.5255,0.0268,1.7562,0.0
12080,-,FS309,RNH2A-KO-T3-8,7,2.2311,2.2288,7,2.2288,0.0023,0.1039,0.0
12080,-,FS310,RNH2A-KO-T3-17,2,7.0823,6.9545,2,6.9545,0.1278,1.838,0.0
12080,-,FS326,HEK293T,10,0.9131,0.8941,10,0.8941,0.019,2.1216,-0.0
12080,-,FS327,RNH2A-KO-T3-8,2,0.8727,0.8679,2,0.8679,0.0048,0.553,0.0
12080,-,FS329,RNH2A-KO-T3-17,1,0.2283,0.2254,1,0.2254,0.0029,1.3006,-0.0
